#{"t_start": 1752534235.9519906, "env_id": "SafeCartPole-v0"}
r,l,t,c
16.0,16,0.019649,0.0
20.0,20,0.037398,0.0
10.0,10,0.046333,0.0
21.0,21,0.065013,0.0
39.0,39,0.099624,0.0
19.0,19,0.11648,0.0
32.0,32,0.144986,0.0
11.0,11,0.154799,0.0
37.0,37,0.187453,0.0
18.0,18,0.203413,0.0
17.0,17,0.218488,0.0
15.0,15,0.231817,0.0
27.0,27,0.255651,0.0
67.0,67,0.315068,0.0
24.0,24,0.336221,0.0
18.0,18,0.352073,0.0
36.0,36,0.383847,0.0
25.0,25,0.405974,0.0
25.0,25,0.428092,0.0
13.0,13,0.439595,0.0
11.0,11,0.449341,0.0
11.0,11,0.459082,0.0
27.0,27,0.482903,0.0
20.0,20,0.50057,0.0
14.0,14,0.512987,0.0
17.0,17,0.528106,0.0
30.0,30,0.554612,0.0
12.0,12,0.565244,0.0
13.0,13,0.57675,0.0
12.0,12,0.587347,0.0
19.0,19,0.604141,0.0
13.0,13,0.615644,0.0
12.0,12,0.626263,0.0
19.0,19,0.643046,0.0
25.0,25,0.665007,0.0
15.0,15,0.67811,0.0
11.0,11,0.687737,0.0
14.0,14,0.699994,0.0
16.0,16,0.713982,0.0
22.0,22,0.733266,0.0
16.0,16,0.747282,0.0
28.0,28,0.771829,0.0
17.0,17,0.786548,0.0
17.0,17,0.801295,0.0
33.0,33,0.829886,0.0
13.0,13,0.841198,0.0
35.0,35,0.871463,0.0
22.0,22,0.890495,0.0
13.0,13,0.901811,0.0
17.0,17,0.916678,0.0
13.0,13,0.927998,0.0
23.0,23,0.947917,0.0
23.0,23,0.967803,0.0
19.0,19,0.984259,0.0
13.0,13,0.995574,0.0
9.0,9,1.003417,0.0
58.0,58,1.053655,0.0
13.0,13,1.064963,0.0
21.0,21,1.08319,0.0
18.0,18,1.098883,0.0
14.0,14,1.111051,0.0
34.0,34,1.140516,0.0
23.0,23,1.160727,0.0
16.0,16,1.174694,0.0
45.0,45,1.2139,0.0
18.0,18,1.229568,0.0
22.0,22,1.248579,0.0
38.0,38,1.281621,0.0
13.0,13,1.292955,0.0
18.0,18,1.308533,0.0
31.0,31,1.335667,0.0
12.0,12,1.346088,0.0
85.0,85,1.419622,0.0
32.0,32,1.447295,0.0
17.0,17,1.46203,0.0
11.0,11,1.471617,0.0
22.0,22,1.490707,0.0
20.0,20,1.508049,0.0
14.0,14,1.520369,0.0
37.0,37,1.552355,0.0
39.0,39,1.586012,0.0
13.0,13,1.597279,0.0
15.0,15,1.610278,0.0
14.0,14,1.622408,0.0
19.0,19,1.638855,0.0
20.0,20,1.656222,0.0
22.0,22,1.675309,0.0
75.0,75,1.740218,0.0
20.0,20,1.757734,0.0
36.0,36,1.789875,0.0
18.0,18,2.215484,0.0
19.0,19,2.232301,0.0
21.0,21,2.251024,0.0
21.0,21,2.269745,0.0
23.0,23,2.290082,0.0
40.0,40,2.32532,0.0
20.0,20,2.342982,0.0
47.0,47,2.384331,0.0
42.0,42,2.421257,0.0
21.0,21,2.43979,0.0
41.0,41,2.475994,0.0
23.0,23,2.496268,0.0
25.0,25,2.518286,0.0
46.0,46,2.55878,0.0
33.0,33,2.587437,0.0
28.0,28,2.611567,0.0
17.0,17,2.626259,0.0
41.0,41,2.661607,0.0
65.0,65,2.718292,0.0
59.0,59,2.769245,0.0
101.0,101,2.856327,0.0
115.0,115,2.955688,0.0
30.0,30,2.981633,0.0
66.0,66,3.038472,0.0
12.0,12,3.048878,0.0
27.0,27,3.072258,0.0
24.0,24,3.093038,0.0
38.0,38,3.125931,0.0
26.0,26,3.148428,0.0
24.0,24,3.169246,0.0
20.0,20,3.186667,0.0
10.0,10,3.195373,0.0
42.0,42,3.231591,0.0
157.0,157,3.367364,5.0
19.0,19,3.383854,0.0
36.0,36,3.415043,0.0
52.0,52,3.459975,0.0
53.0,53,3.505651,0.0
32.0,32,3.533315,0.0
26.0,26,3.555855,0.0
18.0,18,3.571451,0.0
46.0,46,3.611146,0.0
50.0,50,3.654309,0.0
33.0,33,3.682899,0.0
73.0,73,3.745773,0.0
55.0,55,3.793304,0.0
67.0,67,3.851122,0.0
39.0,39,3.884773,0.0
91.0,91,3.963427,0.0
45.0,45,4.411107,0.0
118.0,118,4.513872,36.0
47.0,47,4.554772,0.0
44.0,44,4.59308,0.0
153.0,153,4.725953,0.0
52.0,52,4.771371,0.0
32.0,32,4.79914,0.0
163.0,163,4.940535,30.0
96.0,96,5.023409,0.0
170.0,170,5.171499,0.0
148.0,148,5.299726,0.0
61.0,61,5.352556,0.0
71.0,71,5.414006,0.0
60.0,60,5.465896,0.0
60.0,60,5.51767,0.0
120.0,120,5.62132,0.0
131.0,131,5.734481,29.0
65.0,65,5.790758,0.0
33.0,33,5.819233,0.0
17.0,17,5.833929,0.0
37.0,37,5.865832,0.0
32.0,32,5.89355,0.0
104.0,104,5.984056,0.0
139.0,139,6.10437,0.0
200.0,200,6.69128,41.0
150.0,150,6.822037,0.0
150.0,150,6.951974,0.0
194.0,194,7.119868,28.0
200.0,200,7.292867,0.0
109.0,109,7.387707,0.0
123.0,123,7.494429,0.0
77.0,77,7.561135,7.0
200.0,200,7.73412,62.0
197.0,197,7.904585,0.0
200.0,200,8.0775,41.0
101.0,101,8.164981,0.0
117.0,117,8.265928,27.0
33.0,33,8.294554,0.0
110.0,110,8.805702,25.0
72.0,72,8.868356,0.0
200.0,200,9.041976,42.0
200.0,200,9.214793,0.0
160.0,160,9.353483,48.0
128.0,128,9.464054,0.0
200.0,200,9.636801,0.0
172.0,172,9.78612,42.0
200.0,200,9.959008,18.0
200.0,200,10.132382,0.0
200.0,200,10.306732,0.0
113.0,113,10.405315,0.0
114.0,114,10.505943,0.0
115.0,115,11.025075,30.0
200.0,200,11.199457,24.0
200.0,200,11.373791,16.0
114.0,114,11.47313,0.0
166.0,166,11.617882,70.0
142.0,142,11.741043,36.0
200.0,200,11.914118,0.0
200.0,200,12.087561,0.0
172.0,172,12.236595,0.0
200.0,200,12.409699,0.0
200.0,200,12.585152,0.0
200.0,200,13.175361,0.0
200.0,200,13.348689,0.0
195.0,195,13.517206,37.0
200.0,200,13.689677,0.0
200.0,200,13.863066,41.0
200.0,200,14.03648,0.0
200.0,200,14.209496,0.0
180.0,180,14.3652,0.0
200.0,200,14.538598,59.0
200.0,200,14.714874,0.0
200.0,200,14.890189,0.0
183.0,183,15.464746,0.0
182.0,182,15.62274,25.0
200.0,200,15.796031,0.0
171.0,171,15.944037,29.0
200.0,200,16.11668,59.0
199.0,199,16.289177,24.0
144.0,144,16.413612,0.0
150.0,150,16.543343,0.0
172.0,172,16.693928,21.0
179.0,179,16.84948,15.0
143.0,143,16.973555,20.0
200.0,200,17.559474,0.0
200.0,200,17.732651,0.0
200.0,200,17.907412,0.0
200.0,200,18.084901,0.0
147.0,147,18.21491,0.0
200.0,200,18.391862,76.0
200.0,200,18.56852,0.0
200.0,200,18.745528,0.0
150.0,150,18.87801,0.0
200.0,200,19.053213,0.0
200.0,200,19.227056,54.0
200.0,200,19.814071,0.0
200.0,200,19.987117,0.0
200.0,200,20.161354,0.0
200.0,200,20.343107,0.0
200.0,200,20.524328,0.0
200.0,200,20.705315,0.0
200.0,200,20.887856,43.0
200.0,200,21.068763,0.0
200.0,200,21.252357,0.0
200.0,200,21.430902,0.0
200.0,200,22.017211,0.0
200.0,200,22.19065,62.0
200.0,200,22.36375,0.0
200.0,200,22.536947,0.0
191.0,191,22.702712,72.0
200.0,200,22.876833,0.0
200.0,200,23.050908,29.0
200.0,200,23.224769,84.0
176.0,176,23.377084,78.0
200.0,200,23.549871,0.0
200.0,200,23.722789,0.0
191.0,191,24.30108,34.0
147.0,147,24.428443,55.0
200.0,200,24.601354,0.0
200.0,200,24.775725,3.0
200.0,200,24.951296,0.0
199.0,199,25.124026,45.0
200.0,200,25.298259,52.0
200.0,200,25.472093,60.0
180.0,180,25.627852,39.0
200.0,200,25.800502,4.0
200.0,200,26.390288,1.0
200.0,200,26.569873,0.0
200.0,200,26.746243,0.0
200.0,200,26.923049,0.0
200.0,200,27.099659,13.0
200.0,200,27.275369,0.0
200.0,200,27.449655,0.0
200.0,200,27.623019,41.0
200.0,200,27.796648,0.0
200.0,200,27.969625,92.0
200.0,200,28.142667,0.0
200.0,200,28.731181,31.0
174.0,174,28.883285,24.0
200.0,200,29.058282,0.0
200.0,200,29.232471,6.0
200.0,200,29.407412,68.0
200.0,200,29.583721,0.0
198.0,198,29.755654,33.0
171.0,171,29.903694,36.0
200.0,200,30.076704,18.0
175.0,175,30.229807,42.0
114.0,114,30.329139,28.0
195.0,195,30.917847,47.0
133.0,133,31.034938,35.0
200.0,200,31.210907,0.0
200.0,200,31.38714,0.0
181.0,181,31.546654,55.0
134.0,134,31.663316,32.0
161.0,161,31.802665,30.0
145.0,145,31.927474,32.0
138.0,138,32.046597,41.0
121.0,121,32.151174,33.0
200.0,200,32.324028,26.0
200.0,200,32.496949,30.0
200.0,200,33.088158,0.0
105.0,105,33.181454,21.0
200.0,200,33.357016,80.0
200.0,200,33.532327,0.0
200.0,200,33.705748,0.0
200.0,200,33.879261,50.0
156.0,156,34.014154,41.0
120.0,120,34.117512,18.0
190.0,190,34.281435,0.0
151.0,151,34.411833,33.0
200.0,200,34.584354,0.0
200.0,200,34.758031,0.0
143.0,143,35.303694,38.0
200.0,200,35.479713,0.0
200.0,200,35.656496,0.0
162.0,162,35.798512,50.0
200.0,200,35.971625,25.0
200.0,200,36.144214,0.0
200.0,200,36.317731,0.0
126.0,126,36.426898,24.0
200.0,200,36.599571,0.0
200.0,200,36.772145,0.0
200.0,200,36.944862,0.0
200.0,200,37.535535,81.0
200.0,200,37.708865,0.0
200.0,200,37.881343,52.0
200.0,200,38.054147,0.0
200.0,200,38.226958,0.0
200.0,200,38.399846,0.0
200.0,200,38.572506,93.0
168.0,168,38.717519,14.0
111.0,111,38.813073,30.0
200.0,200,38.985477,0.0
200.0,200,39.16084,0.0
200.0,200,39.753173,0.0
156.0,156,39.888835,32.0
135.0,135,40.005381,33.0
200.0,200,40.178528,0.0
182.0,182,40.337234,35.0
172.0,172,40.486457,35.0
200.0,200,40.659274,0.0
200.0,200,40.831975,0.0
200.0,200,41.004738,53.0
200.0,200,41.179407,0.0
145.0,145,41.306503,43.0
121.0,121,41.82708,0.0
121.0,121,41.932057,0.0
90.0,90,42.009987,0.0
92.0,92,42.089397,0.0
54.0,54,42.136064,0.0
77.0,77,42.202564,0.0
107.0,107,42.295163,0.0
80.0,80,42.364392,0.0
75.0,75,42.429086,0.0
111.0,111,42.525023,0.0
114.0,114,42.623672,0.0
79.0,79,42.691932,0.0
53.0,53,42.738022,0.0
64.0,64,42.793265,0.0
46.0,46,42.832981,0.0
81.0,81,42.902775,0.0
135.0,135,43.019445,0.0
77.0,77,43.085876,0.0
65.0,65,43.142669,0.0
72.0,72,43.205945,0.0
103.0,103,43.296524,0.0
86.0,86,43.371724,0.0
91.0,91,43.451095,0.0
66.0,66,43.508405,0.0
199.0,199,44.096128,0.0
123.0,123,44.202465,28.0
158.0,158,44.339048,0.0
150.0,150,44.468609,26.0
97.0,97,44.55235,17.0
200.0,200,44.72472,29.0
143.0,143,44.848509,15.0
200.0,200,45.02126,0.0
91.0,91,45.100322,0.0
108.0,108,45.194938,29.0
168.0,168,45.342892,17.0
197.0,197,45.516208,6.0
160.0,160,45.655953,18.0
195.0,195,46.245077,48.0
200.0,200,46.418585,0.0
200.0,200,46.592185,0.0
196.0,196,46.761798,89.0
200.0,200,46.934099,0.0
200.0,200,47.106834,0.0
195.0,195,47.277341,61.0
196.0,196,47.450008,56.0
200.0,200,47.625614,30.0
154.0,154,47.759137,43.0
149.0,149,47.88775,46.0
177.0,177,48.454061,36.0
200.0,200,48.626524,50.0
200.0,200,48.799344,0.0
200.0,200,48.972377,0.0
200.0,200,49.145474,0.0
200.0,200,49.320717,0.0
200.0,200,49.496877,0.0
200.0,200,49.672971,9.0
200.0,200,49.846416,0.0
200.0,200,50.020693,48.0
200.0,200,50.611152,20.0
200.0,200,50.785643,0.0
200.0,200,50.958522,0.0
189.0,189,51.12201,58.0
200.0,200,51.295074,0.0
200.0,200,51.470263,39.0
200.0,200,51.64425,41.0
195.0,195,51.813718,52.0
200.0,200,51.986885,19.0
181.0,181,52.143413,51.0
200.0,200,52.316089,35.0
177.0,177,52.882846,45.0
176.0,176,53.034834,47.0
200.0,200,53.207454,0.0
171.0,171,53.356168,26.0
200.0,200,53.532202,59.0
157.0,157,53.669156,35.0
200.0,200,53.842156,0.0
183.0,183,54.000818,33.0
200.0,200,54.17366,0.0
200.0,200,54.346799,0.0
174.0,174,54.497638,30.0
200.0,200,55.079521,34.0
200.0,200,55.253361,0.0
200.0,200,55.427652,0.0
200.0,200,55.604391,0.0
200.0,200,55.778704,0.0
200.0,200,55.951523,12.0
200.0,200,56.124481,0.0
200.0,200,56.297922,5.0
200.0,200,56.470875,0.0
200.0,200,56.643579,0.0
200.0,200,57.230261,0.0
200.0,200,57.403423,10.0
200.0,200,57.579429,0.0
200.0,200,57.75377,0.0
200.0,200,57.927123,33.0
200.0,200,58.100326,0.0
200.0,200,58.273609,89.0
200.0,200,58.446751,0.0
185.0,185,58.606558,36.0
200.0,200,58.778893,0.0
179.0,179,59.347835,67.0
200.0,200,59.522712,0.0
200.0,200,59.699279,24.0
200.0,200,59.874272,0.0
188.0,188,60.037353,35.0
150.0,150,60.167226,32.0
200.0,200,60.341702,24.0
200.0,200,60.515719,0.0
200.0,200,60.689076,0.0
200.0,200,60.862312,0.0
200.0,200,61.035462,1.0
200.0,200,61.625224,0.0
200.0,200,61.800359,0.0
200.0,200,61.973754,0.0
200.0,200,62.147034,10.0
200.0,200,62.320136,0.0
200.0,200,62.493107,0.0
200.0,200,62.666081,0.0
200.0,200,62.839858,0.0
200.0,200,63.013163,0.0
200.0,200,63.186251,0.0
200.0,200,63.777808,0.0
200.0,200,63.951578,82.0
200.0,200,64.125471,0.0
200.0,200,64.299049,0.0
200.0,200,64.472587,0.0
200.0,200,64.646234,0.0
200.0,200,64.820145,0.0
200.0,200,64.994284,0.0
200.0,200,65.169326,0.0
200.0,200,65.345769,0.0
200.0,200,65.944457,0.0
200.0,200,66.120948,1.0
200.0,200,66.297391,0.0
200.0,200,66.472685,0.0
200.0,200,66.652405,0.0
200.0,200,66.837,0.0
200.0,200,67.018762,0.0
200.0,200,67.194182,0.0
200.0,200,67.368888,0.0
200.0,200,67.544432,0.0
200.0,200,67.720564,0.0
200.0,200,68.314697,65.0
200.0,200,68.488304,63.0
200.0,200,68.661767,81.0
200.0,200,68.834531,0.0
200.0,200,69.007126,0.0
200.0,200,69.179988,0.0
200.0,200,69.353029,19.0
200.0,200,69.526236,92.0
200.0,200,69.699696,0.0
200.0,200,69.876071,0.0
200.0,200,70.477449,0.0
200.0,200,70.651881,0.0
200.0,200,70.827195,0.0
200.0,200,71.000368,0.0
200.0,200,71.17709,0.0
200.0,200,71.357461,0.0
200.0,200,71.535288,0.0
200.0,200,71.708526,0.0
200.0,200,71.884743,0.0
200.0,200,72.058823,0.0
200.0,200,72.650605,0.0
200.0,200,72.824958,0.0
162.0,162,72.966513,38.0
186.0,186,73.128072,54.0
200.0,200,73.301761,0.0
200.0,200,73.476109,0.0
200.0,200,73.649951,0.0
200.0,200,73.824478,0.0
200.0,200,74.000659,24.0
200.0,200,74.17408,50.0
139.0,139,74.294956,41.0
200.0,200,74.88469,0.0
200.0,200,75.05783,0.0
161.0,161,75.198359,30.0
200.0,200,75.372015,6.0
200.0,200,75.545696,0.0
200.0,200,75.718795,45.0
200.0,200,75.894462,0.0
200.0,200,76.070957,6.0
200.0,200,76.246665,0.0
200.0,200,76.423224,26.0
200.0,200,77.031664,0.0
200.0,200,77.207412,0.0
200.0,200,77.382991,11.0
200.0,200,77.558644,0.0
200.0,200,77.733889,35.0
200.0,200,77.910567,0.0
200.0,200,78.08726,0.0
200.0,200,78.263505,0.0
200.0,200,78.43989,0.0
200.0,200,78.615813,0.0
200.0,200,78.791696,0.0
200.0,200,79.385594,0.0
180.0,180,79.543463,61.0
200.0,200,79.717871,17.0
200.0,200,79.893652,0.0
200.0,200,80.072036,0.0
200.0,200,80.251061,27.0
198.0,198,80.428122,39.0
157.0,157,80.567944,44.0
200.0,200,80.744747,0.0
199.0,199,80.918935,41.0
200.0,200,81.515698,86.0
200.0,200,81.690592,0.0
200.0,200,81.865796,0.0
200.0,200,82.043943,0.0
200.0,200,82.221209,0.0
200.0,200,82.397293,104.0
200.0,200,82.573266,0.0
200.0,200,82.748746,0.0
200.0,200,82.923368,32.0
200.0,200,83.098126,0.0
200.0,200,83.695275,0.0
200.0,200,83.870769,22.0
200.0,200,84.047575,0.0
200.0,200,84.225348,0.0
200.0,200,84.401441,0.0
200.0,200,84.576637,0.0
200.0,200,84.752265,33.0
200.0,200,84.930409,0.0
200.0,200,85.106871,0.0
200.0,200,85.284696,0.0
200.0,200,85.460924,24.0
200.0,200,86.064114,8.0
200.0,200,86.242837,0.0
200.0,200,86.420542,0.0
200.0,200,86.597589,0.0
200.0,200,86.773355,0.0
200.0,200,86.94793,32.0
200.0,200,87.122609,0.0
200.0,200,87.297072,0.0
200.0,200,87.471999,34.0
200.0,200,87.646464,0.0
200.0,200,88.244534,70.0
200.0,200,88.420793,22.0
200.0,200,88.596878,7.0
200.0,200,88.772642,39.0
200.0,200,88.947618,0.0
200.0,200,89.122091,0.0
200.0,200,89.296524,0.0
200.0,200,89.470832,2.0
200.0,200,89.645447,0.0
195.0,195,89.816073,67.0
200.0,200,90.418084,0.0
200.0,200,90.597272,0.0
200.0,200,90.778318,26.0
200.0,200,90.956754,0.0
200.0,200,91.134993,0.0
200.0,200,91.312581,5.0
200.0,200,91.489754,0.0
200.0,200,91.665432,5.0
200.0,200,91.840147,0.0
200.0,200,92.01476,0.0
200.0,200,92.615931,0.0
200.0,200,92.795226,50.0
200.0,200,92.986716,0.0
200.0,200,93.178603,0.0
200.0,200,93.369526,0.0
200.0,200,93.560656,0.0
200.0,200,93.749503,0.0
200.0,200,93.938477,47.0
200.0,200,94.126662,5.0
200.0,200,94.317001,0.0
200.0,200,94.498074,0.0
200.0,200,95.103056,41.0
200.0,200,95.281076,0.0
200.0,200,95.458903,0.0
200.0,200,95.637671,48.0
200.0,200,95.815573,75.0
200.0,200,95.991786,0.0
200.0,200,96.167024,0.0
200.0,200,96.345233,0.0
200.0,200,96.523262,0.0
200.0,200,96.698775,12.0
200.0,200,97.291315,11.0
200.0,200,97.466618,0.0
200.0,200,97.641269,0.0
200.0,200,97.816431,0.0
200.0,200,97.99109,0.0
200.0,200,98.166024,0.0
200.0,200,98.342592,0.0
200.0,200,98.519122,0.0
200.0,200,98.694831,0.0
200.0,200,98.870718,0.0
200.0,200,99.463799,0.0
200.0,200,99.638525,0.0
200.0,200,99.813138,0.0
178.0,178,99.968671,50.0
200.0,200,100.143307,0.0
200.0,200,100.320333,0.0
200.0,200,100.498712,0.0
200.0,200,100.676776,0.0
200.0,200,100.851377,0.0
200.0,200,101.025848,64.0
200.0,200,101.619102,0.0
135.0,135,101.737445,14.0
200.0,200,101.912034,0.0
200.0,200,102.086648,30.0
143.0,143,102.211505,29.0
168.0,168,102.358697,44.0
168.0,168,102.50824,42.0
150.0,150,102.641083,14.0
200.0,200,102.816694,0.0
188.0,188,102.981806,29.0
200.0,200,103.15757,0.0
192.0,192,103.326306,41.0
159.0,159,103.890992,25.0
200.0,200,104.06552,5.0
200.0,200,104.240115,31.0
200.0,200,104.416433,31.0
200.0,200,104.594532,0.0
146.0,146,104.724005,34.0
162.0,162,104.866808,22.0
200.0,200,105.041908,0.0
152.0,152,105.175406,50.0
126.0,126,105.286054,19.0
156.0,156,105.422511,33.0
183.0,183,105.58231,45.0
200.0,200,106.176274,0.0
163.0,163,106.319206,36.0
200.0,200,106.494741,0.0
200.0,200,106.671148,0.0
200.0,200,106.847306,39.0
200.0,200,107.022744,0.0
200.0,200,107.197973,28.0
200.0,200,107.373291,47.0
200.0,200,107.548512,0.0
182.0,182,107.707742,53.0
200.0,200,108.300732,0.0
200.0,200,108.476271,30.0
156.0,156,108.615238,47.0
200.0,200,108.792478,11.0
191.0,191,108.960102,36.0
163.0,163,109.102682,29.0
200.0,200,109.277314,33.0
186.0,186,109.440286,38.0
181.0,181,109.598179,41.0
172.0,172,109.748481,39.0
140.0,140,109.870439,36.0
200.0,200,110.045046,33.0
170.0,170,110.616634,8.0
124.0,124,110.727582,5.0
121.0,121,110.835275,9.0
140.0,140,110.959551,11.0
122.0,122,111.066621,0.0
128.0,128,111.179018,3.0
111.0,111,111.276766,0.0
99.0,99,111.363469,0.0
156.0,156,111.500597,12.0
150.0,150,111.631957,3.0
141.0,141,111.755565,0.0
146.0,146,111.883644,5.0
144.0,144,112.009436,15.0
154.0,154,112.144103,8.0
200.0,200,112.739903,0.0
124.0,124,112.849086,0.0
103.0,103,112.939511,0.0
88.0,88,113.016107,3.0
144.0,144,113.141703,0.0
102.0,102,113.230465,0.0
87.0,87,113.306479,0.0
111.0,111,113.403225,0.0
124.0,124,113.511435,2.0
194.0,194,113.680756,0.0
83.0,83,113.752937,0.0
94.0,94,113.834786,10.0
132.0,132,113.949911,4.0
105.0,105,114.041464,0.0
193.0,193,114.20981,0.0
119.0,119,114.313849,0.0
200.0,200,114.488124,0.0
170.0,170,115.06281,0.0
84.0,84,115.13619,3.0
141.0,141,115.260309,2.0
200.0,200,115.434846,0.0
106.0,106,115.52842,0.0
96.0,96,115.612229,0.0
79.0,79,115.68125,0.0
129.0,129,115.793807,0.0
140.0,140,115.915731,4.0
135.0,135,116.033304,1.0
88.0,88,116.110291,0.0
137.0,137,116.230139,0.0
164.0,164,116.373748,0.0
126.0,126,116.483427,6.0
161.0,161,116.623581,0.0
170.0,170,117.195913,0.0
133.0,133,117.312,0.0
200.0,200,117.48659,0.0
95.0,95,117.569802,0.0
136.0,136,117.688058,0.0
179.0,179,117.844356,0.0
192.0,192,118.011719,0.0
198.0,198,118.184255,4.0
80.0,80,118.254018,0.0
131.0,131,118.368189,0.0
129.0,129,118.480738,0.0
115.0,115,118.580989,0.0
151.0,151,118.714374,0.0
198.0,198,118.909523,1.0
200.0,200,119.519366,41.0
145.0,145,119.647778,38.0
200.0,200,119.827427,18.0
200.0,200,120.005439,0.0
172.0,172,120.156999,37.0
182.0,182,120.318609,32.0
159.0,159,120.459331,40.0
188.0,188,120.624401,40.0
200.0,200,120.806164,20.0
200.0,200,120.99671,0.0
200.0,200,121.185628,8.0
133.0,133,121.727292,0.0
96.0,96,121.811231,0.0
191.0,191,121.977849,0.0
172.0,172,122.127913,0.0
146.0,146,122.255052,0.0
156.0,156,122.391276,0.0
136.0,136,122.50973,0.0
73.0,73,122.573459,0.0
96.0,96,122.65707,0.0
123.0,123,122.765271,0.0
118.0,118,122.872246,0.0
88.0,88,122.951634,0.0
94.0,94,123.035364,0.0
101.0,101,123.125186,0.0
80.0,80,123.196439,0.0
167.0,167,123.344903,0.0
114.0,114,123.446208,0.0
128.0,128,123.993209,9.0
128.0,128,124.1058,2.0
120.0,120,124.210395,0.0
91.0,91,124.289821,0.0
88.0,88,124.366865,0.0
139.0,139,124.488333,4.0
137.0,137,124.607692,0.0
115.0,115,124.708452,0.0
190.0,190,124.876317,0.0
150.0,150,125.00978,0.0
86.0,86,125.086318,0.0
180.0,180,125.246615,0.0
136.0,136,125.367452,2.0
97.0,97,125.4539,0.0
110.0,110,125.551733,0.0
95.0,95,125.635965,0.0
200.0,200,126.235415,0.0
140.0,140,126.358859,0.0
124.0,124,126.468093,2.0
134.0,134,126.586255,0.0
139.0,139,126.709066,0.0
107.0,107,126.803234,0.0
83.0,83,126.876702,0.0
118.0,118,126.981293,0.0
114.0,114,127.081315,2.0
94.0,94,127.163963,0.0
182.0,182,127.32397,5.0
87.0,87,127.40034,0.0
119.0,119,127.505223,0.0
186.0,186,127.66909,0.0
161.0,161,127.810308,0.0
163.0,163,128.372947,17.0
112.0,112,128.470981,11.0
109.0,109,128.565947,6.0
200.0,200,128.740592,5.0
107.0,107,128.834231,17.0
144.0,144,128.961891,19.0
131.0,131,129.077109,17.0
122.0,122,129.184887,17.0
135.0,135,129.303509,23.0
200.0,200,129.479449,0.0
122.0,122,129.587204,20.0
169.0,169,129.735891,19.0
97.0,97,129.821022,14.0
113.0,113,129.920588,20.0
147.0,147,130.049787,7.0
115.0,115,130.576451,27.0
144.0,144,130.703843,15.0
144.0,144,130.831478,20.0
154.0,154,130.96799,9.0
117.0,117,131.072042,13.0
124.0,124,131.182441,11.0
119.0,119,131.288302,21.0
110.0,110,131.386181,20.0
147.0,147,131.517096,12.0
110.0,110,131.614818,16.0
98.0,98,131.701826,21.0
138.0,138,131.82332,7.0
200.0,200,131.998046,0.0
110.0,110,132.094739,11.0
122.0,122,132.201186,21.0
122.0,122,132.308232,7.0
114.0,114,132.829444,10.0
200.0,200,133.004603,0.0
160.0,160,133.147392,20.0
200.0,200,133.323512,19.0
101.0,101,133.412435,17.0
200.0,200,133.58734,26.0
131.0,131,133.702044,32.0
116.0,116,133.803104,20.0
136.0,136,133.921896,9.0
176.0,176,134.075403,16.0
126.0,126,134.185034,27.0
120.0,120,134.289864,9.0
146.0,146,134.417734,21.0
146.0,146,134.545886,21.0
167.0,167,135.117005,31.0
200.0,200,135.295462,12.0
200.0,200,135.473785,0.0
123.0,123,135.584144,25.0
137.0,137,135.705776,25.0
163.0,163,135.848787,18.0
186.0,186,136.010938,34.0
172.0,172,136.16109,29.0
200.0,200,136.336425,30.0
200.0,200,136.510996,28.0
190.0,190,136.676521,26.0
144.0,144,136.801691,23.0
153.0,153,137.362267,39.0
155.0,155,137.499039,34.0
200.0,200,137.673661,7.0
176.0,176,137.827075,35.0
196.0,196,137.997716,33.0
146.0,146,138.124984,36.0
132.0,132,138.240063,28.0
161.0,161,138.38056,33.0
183.0,183,138.539992,32.0
144.0,144,138.665294,36.0
131.0,131,138.779449,33.0
182.0,182,138.938164,35.0
161.0,161,139.509043,33.0
180.0,180,139.666943,35.0
149.0,149,139.796762,27.0
200.0,200,139.971337,26.0
148.0,148,140.100727,37.0
200.0,200,140.27632,29.0
193.0,193,140.446163,22.0
200.0,200,140.621137,0.0
146.0,146,140.74886,30.0
146.0,146,140.876356,37.0
163.0,163,141.020497,42.0
200.0,200,141.199839,0.0
151.0,151,141.761352,35.0
200.0,200,141.93643,44.0
186.0,186,142.099308,34.0
199.0,199,142.273261,40.0
176.0,176,142.426746,40.0
143.0,143,142.55145,35.0
140.0,140,142.67363,33.0
143.0,143,142.798728,28.0
137.0,137,142.918538,36.0
166.0,166,143.063502,38.0
200.0,200,143.23896,36.0
171.0,171,143.391512,38.0
200.0,200,143.994871,0.0
144.0,144,144.121335,27.0
177.0,177,144.275584,30.0
135.0,135,144.393651,37.0
200.0,200,144.568268,0.0
200.0,200,144.742722,39.0
170.0,170,144.89138,31.0
151.0,151,145.022912,43.0
200.0,200,145.198153,36.0
160.0,160,145.339814,44.0
157.0,157,145.478951,32.0
200.0,200,145.654666,24.0
160.0,160,146.23345,37.0
161.0,161,146.376926,44.0
167.0,167,146.52477,42.0
169.0,169,146.673322,42.0
200.0,200,146.849228,45.0
200.0,200,147.025342,0.0
200.0,200,147.20046,0.0
141.0,141,147.324715,40.0
200.0,200,147.502707,0.0
200.0,200,147.679297,0.0
200.0,200,147.856141,0.0
200.0,200,148.452858,0.0
129.0,129,148.56601,40.0
200.0,200,148.740183,42.0
159.0,159,148.879091,34.0
200.0,200,149.053439,34.0
200.0,200,149.228263,0.0
143.0,143,149.353563,37.0
136.0,136,149.473929,35.0
191.0,191,149.641911,40.0
200.0,200,149.817453,23.0
200.0,200,149.992861,0.0
164.0,164,150.136277,39.0
175.0,175,150.717292,40.0
150.0,150,150.848618,43.0
200.0,200,151.024261,0.0
200.0,200,151.200503,35.0
177.0,177,151.355498,38.0
200.0,200,151.533564,15.0
200.0,200,151.711753,0.0
200.0,200,151.887585,0.0
190.0,190,152.053351,40.0
200.0,200,152.228047,0.0
200.0,200,152.824713,0.0
200.0,200,153.000606,42.0
177.0,177,153.156028,16.0
200.0,200,153.330304,10.0
174.0,174,153.483802,41.0
197.0,197,153.658148,39.0
200.0,200,153.833452,0.0
184.0,184,153.995555,37.0
199.0,199,154.17023,43.0
167.0,167,154.31706,38.0
189.0,189,154.483289,36.0
200.0,200,155.085814,0.0
200.0,200,155.26205,0.0
178.0,178,155.418235,43.0
200.0,200,155.596437,25.0
200.0,200,155.774627,12.0
198.0,198,155.948838,42.0
200.0,200,156.123365,0.0
200.0,200,156.299305,0.0
200.0,200,156.474132,0.0
200.0,200,156.648978,0.0
200.0,200,156.823453,11.0
200.0,200,157.42125,5.0
200.0,200,157.597736,0.0
194.0,194,157.768562,31.0
200.0,200,157.94347,0.0
198.0,198,158.11748,46.0
171.0,171,158.267896,42.0
200.0,200,158.445824,0.0
200.0,200,158.62355,0.0
200.0,200,158.801511,0.0
200.0,200,158.97811,0.0
199.0,199,159.574442,59.0
190.0,190,159.743867,61.0
200.0,200,159.919609,0.0
200.0,200,160.094352,0.0
200.0,200,160.270401,0.0
200.0,200,160.446354,0.0
200.0,200,160.62163,36.0
200.0,200,160.795979,0.0
200.0,200,160.97076,15.0
200.0,200,161.145238,52.0
200.0,200,161.751129,49.0
200.0,200,161.929969,10.0
200.0,200,162.108372,20.0
200.0,200,162.285239,0.0
200.0,200,162.462791,0.0
200.0,200,162.641313,0.0
200.0,200,162.819692,44.0
200.0,200,162.996141,0.0
200.0,200,163.17114,0.0
200.0,200,163.345856,20.0
200.0,200,163.522718,24.0
200.0,200,164.13542,31.0
200.0,200,164.315529,0.0
200.0,200,164.493935,0.0
200.0,200,164.673888,0.0
200.0,200,164.85241,26.0
200.0,200,165.03197,47.0
200.0,200,165.210253,56.0
200.0,200,165.389075,0.0
200.0,200,165.56784,15.0
200.0,200,165.746668,0.0
200.0,200,166.358661,30.0
200.0,200,166.537804,47.0
200.0,200,166.715055,45.0
200.0,200,166.891734,30.0
200.0,200,167.067776,46.0
200.0,200,167.24429,0.0
200.0,200,167.420927,0.0
200.0,200,167.597395,8.0
193.0,193,167.769014,51.0
200.0,200,167.947383,11.0
200.0,200,168.554331,37.0
200.0,200,168.731451,0.0
200.0,200,168.906995,0.0
200.0,200,169.081974,37.0
200.0,200,169.256944,0.0
200.0,200,169.43216,4.0
200.0,200,169.607423,0.0
200.0,200,169.782927,0.0
200.0,200,169.960963,0.0
200.0,200,170.137934,0.0
200.0,200,170.746212,0.0
200.0,200,170.9221,0.0
200.0,200,171.097591,0.0
200.0,200,171.274475,12.0
200.0,200,171.450575,25.0
200.0,200,171.626791,0.0
200.0,200,171.803094,0.0
200.0,200,171.981312,0.0
200.0,200,172.159814,0.0
200.0,200,172.340066,0.0
200.0,200,172.518862,0.0
200.0,200,173.127515,0.0
200.0,200,173.306521,0.0
200.0,200,173.485137,0.0
200.0,200,173.664062,0.0
200.0,200,173.842059,11.0
200.0,200,174.021605,0.0
200.0,200,174.199811,8.0
200.0,200,174.377924,0.0
200.0,200,174.555919,0.0
200.0,200,174.732715,24.0
200.0,200,175.336297,0.0
200.0,200,175.513143,21.0
200.0,200,175.6891,0.0
200.0,200,175.864894,0.0
200.0,200,176.042752,19.0
200.0,200,176.220432,0.0
200.0,200,176.3988,0.0
200.0,200,176.575943,0.0
200.0,200,176.751582,0.0
200.0,200,176.926469,0.0
200.0,200,177.526735,0.0
200.0,200,177.702712,23.0
200.0,200,177.880039,0.0
200.0,200,178.058425,0.0
200.0,200,178.236624,0.0
200.0,200,178.414768,0.0
200.0,200,178.592978,8.0
200.0,200,178.771476,0.0
200.0,200,178.949674,0.0
200.0,200,179.127748,0.0
200.0,200,179.726923,0.0
177.0,177,179.882119,41.0
200.0,200,180.05829,13.0
200.0,200,180.236546,39.0
200.0,200,180.415136,37.0
200.0,200,180.593425,1.0
196.0,196,180.766596,43.0
175.0,175,180.920485,40.0
200.0,200,181.095735,31.0
200.0,200,181.271211,22.0
200.0,200,181.447173,0.0
200.0,200,182.046507,0.0
200.0,200,182.223526,30.0
195.0,195,182.395155,33.0
200.0,200,182.570886,0.0
200.0,200,182.749245,0.0
200.0,200,182.927192,0.0
191.0,191,183.096506,37.0
198.0,198,183.270204,37.0
200.0,200,183.446055,24.0
200.0,200,183.622066,0.0
180.0,180,184.204231,29.0
200.0,200,184.380352,0.0
145.0,145,184.50802,27.0
157.0,157,184.64613,28.0
198.0,198,184.820022,33.0
200.0,200,184.995224,19.0
132.0,132,185.111564,26.0
146.0,146,185.2405,29.0
191.0,191,185.408819,28.0
191.0,191,185.578046,32.0
174.0,174,185.730944,30.0
200.0,200,185.905457,25.0
156.0,156,186.471081,29.0
200.0,200,186.647295,34.0
192.0,192,186.816365,33.0
181.0,181,186.974365,32.0
172.0,172,187.124345,34.0
200.0,200,187.298796,0.0
200.0,200,187.47373,9.0
181.0,181,187.631672,30.0
200.0,200,187.806072,0.0
186.0,186,187.968528,35.0
200.0,200,188.143026,26.0
176.0,176,188.724216,29.0
200.0,200,188.898467,0.0
153.0,153,189.032189,31.0
200.0,200,189.206751,7.0
200.0,200,189.381249,0.0
162.0,162,189.522923,32.0
191.0,191,189.689427,30.0
200.0,200,189.864336,0.0
157.0,157,190.001669,30.0
177.0,177,190.156134,33.0
190.0,190,190.324727,30.0
168.0,168,190.900249,30.0
164.0,164,191.043422,30.0
154.0,154,191.177819,22.0
177.0,177,191.332565,33.0
200.0,200,191.507241,22.0
158.0,158,191.645241,27.0
179.0,179,191.801254,32.0
168.0,168,191.94747,28.0
148.0,148,192.076757,36.0
200.0,200,192.251473,19.0
143.0,143,192.378885,31.0
184.0,184,192.541893,29.0
200.0,200,193.144492,0.0
173.0,173,193.295815,34.0
200.0,200,193.470631,0.0
163.0,163,193.613296,28.0
194.0,194,193.782442,33.0
196.0,196,193.953774,38.0
200.0,200,194.128131,0.0
161.0,161,194.269162,29.0
161.0,161,194.412008,28.0
200.0,200,194.58919,21.0
182.0,182,194.749802,32.0
162.0,162,195.317575,33.0
200.0,200,195.492347,0.0
190.0,190,195.658755,32.0
200.0,200,195.833322,33.0
164.0,164,195.976562,32.0
184.0,184,196.136886,31.0
190.0,190,196.303356,28.0
200.0,200,196.480911,7.0
160.0,160,196.622569,37.0
200.0,200,196.799119,0.0
170.0,170,196.948234,36.0
200.0,200,197.547414,18.0
167.0,167,197.693179,29.0
200.0,200,197.866971,0.0
200.0,200,198.041952,9.0
179.0,179,198.198139,31.0
200.0,200,198.372779,0.0
191.0,191,198.542746,31.0
176.0,176,198.69926,31.0
183.0,183,198.861828,32.0
166.0,166,199.007765,29.0
167.0,167,199.154396,33.0
168.0,168,199.72608,27.0
154.0,154,199.86116,36.0
178.0,178,200.017931,35.0
200.0,200,200.193736,3.0
194.0,194,200.36631,34.0
171.0,171,200.51831,29.0
200.0,200,200.695617,0.0
139.0,139,200.81829,29.0
200.0,200,200.994074,6.0
200.0,200,201.170966,0.0
200.0,200,201.348306,0.0
169.0,169,201.500299,31.0
193.0,193,202.096997,32.0
200.0,200,202.271739,20.0
200.0,200,202.446985,10.0
148.0,148,202.578557,33.0
152.0,152,202.712563,34.0
141.0,141,202.836683,28.0
189.0,189,203.00289,31.0
200.0,200,203.179071,0.0
144.0,144,203.305916,35.0
200.0,200,203.481155,0.0
200.0,200,203.656401,12.0
171.0,171,204.233198,27.0
145.0,145,204.359867,30.0
180.0,180,204.517703,27.0
166.0,166,204.665013,26.0
200.0,200,204.840516,2.0
171.0,171,204.991012,29.0
200.0,200,205.166196,17.0
157.0,157,205.305152,35.0
169.0,169,205.45353,30.0
200.0,200,205.628784,15.0
200.0,200,205.80426,21.0
180.0,180,205.962684,31.0
188.0,188,206.556112,29.0
193.0,193,206.726905,30.0
200.0,200,206.902544,0.0
200.0,200,207.07842,19.0
166.0,166,207.223862,26.0
163.0,163,207.365896,32.0
200.0,200,207.540308,0.0
200.0,200,207.714895,0.0
200.0,200,207.889361,0.0
152.0,152,208.022107,28.0
175.0,175,208.174553,29.0
188.0,188,208.767857,27.0
200.0,200,208.942235,0.0
167.0,167,209.088307,22.0
181.0,181,209.246228,29.0
200.0,200,209.420207,0.0
147.0,147,209.548436,30.0
188.0,188,209.711977,32.0
150.0,150,209.842409,35.0
144.0,144,209.967865,31.0
200.0,200,210.154595,0.0
200.0,200,210.336473,1.0
175.0,175,210.926488,32.0
200.0,200,211.102494,0.0
200.0,200,211.277943,0.0
175.0,175,211.430793,35.0
169.0,169,211.578069,32.0
200.0,200,211.75236,28.0
195.0,195,211.922678,28.0
157.0,157,212.059232,31.0
200.0,200,212.233448,0.0
200.0,200,212.407963,0.0
200.0,200,212.582582,17.0
200.0,200,213.186398,0.0
192.0,192,213.353976,33.0
200.0,200,213.52828,23.0
167.0,167,213.674121,31.0
196.0,196,213.844857,30.0
200.0,200,214.020483,0.0
170.0,170,214.169586,26.0
200.0,200,214.344377,0.0
181.0,181,214.502865,28.0
173.0,173,214.65421,29.0
191.0,191,214.823782,34.0
200.0,200,215.434316,7.0
200.0,200,215.613534,24.0
177.0,177,215.769714,32.0
150.0,150,215.900286,27.0
200.0,200,216.074536,0.0
200.0,200,216.250097,0.0
124.0,124,216.358835,28.0
160.0,160,216.498203,28.0
163.0,163,216.640003,33.0
152.0,152,216.773191,28.0
174.0,174,216.927444,29.0
200.0,200,217.102719,0.0
138.0,138,217.651545,31.0
162.0,162,217.793195,31.0
200.0,200,217.968001,0.0
192.0,192,218.135284,29.0
187.0,187,218.298417,30.0
200.0,200,218.472624,0.0
172.0,172,218.622631,32.0
154.0,154,218.757046,26.0
135.0,135,218.876365,28.0
200.0,200,219.052484,0.0
163.0,163,219.196001,31.0
200.0,200,219.796202,11.0
200.0,200,219.970971,0.0
200.0,200,220.145453,32.0
159.0,159,220.285628,33.0
200.0,200,220.461418,8.0
175.0,175,220.614304,31.0
162.0,162,220.755524,31.0
200.0,200,220.931472,0.0
200.0,200,221.10781,30.0
200.0,200,221.284381,0.0
200.0,200,221.459601,21.0
198.0,198,222.057064,27.0
181.0,181,222.214661,31.0
200.0,200,222.388851,0.0
165.0,165,222.533126,21.0
167.0,167,222.678604,21.0
154.0,154,222.812955,29.0
200.0,200,222.989038,7.0
200.0,200,223.164691,11.0
200.0,200,223.340406,13.0
200.0,200,223.515391,0.0
163.0,163,223.657895,31.0
200.0,200,224.257571,31.0
200.0,200,224.432525,0.0
200.0,200,224.607141,0.0
200.0,200,224.782018,18.0
200.0,200,224.957628,33.0
200.0,200,225.135218,16.0
184.0,184,225.299415,32.0
200.0,200,225.475722,26.0
195.0,195,225.646056,29.0
195.0,195,225.8158,32.0
200.0,200,225.990461,0.0
148.0,148,226.545865,30.0
200.0,200,226.720194,31.0
145.0,145,226.846576,29.0
162.0,162,226.988274,29.0
200.0,200,227.165737,0.0
140.0,140,227.288767,31.0
200.0,200,227.463389,11.0
182.0,182,227.622065,28.0
200.0,200,227.795977,0.0
200.0,200,227.970197,0.0
169.0,169,228.117452,28.0
154.0,154,228.67744,28.0
200.0,200,228.851758,0.0
200.0,200,229.026755,22.0
155.0,155,229.164893,31.0
160.0,160,229.306675,33.0
200.0,200,229.481294,0.0
140.0,140,229.603267,30.0
200.0,200,229.777466,37.0
174.0,174,229.929146,26.0
146.0,146,230.056176,28.0
200.0,200,230.231351,42.0
200.0,200,230.405876,4.0
200.0,200,231.005957,0.0
200.0,200,231.182878,0.0
200.0,200,231.359236,0.0
191.0,191,231.527318,25.0
190.0,190,231.693443,29.0
167.0,167,231.839768,34.0
170.0,170,231.988339,31.0
200.0,200,232.162652,0.0
171.0,171,232.312206,27.0
200.0,200,232.48635,0.0
193.0,193,233.078065,5.0
185.0,185,233.242372,26.0
200.0,200,233.418692,0.0
167.0,167,233.565907,27.0
158.0,158,233.703917,30.0
181.0,181,233.861696,25.0
144.0,144,233.987191,27.0
151.0,151,234.118785,29.0
200.0,200,234.293143,26.0
151.0,151,234.42474,31.0
181.0,181,234.582189,31.0
155.0,155,234.717144,27.0
200.0,200,235.333518,0.0
200.0,200,235.525292,0.0
162.0,162,235.678611,34.0
149.0,149,235.814903,27.0
175.0,175,235.96736,25.0
200.0,200,236.14103,30.0
165.0,165,236.285904,26.0
150.0,150,236.416553,25.0
200.0,200,236.590707,0.0
190.0,190,236.756311,30.0
200.0,200,236.930048,0.0
200.0,200,237.104448,0.0
177.0,177,237.690616,32.0
179.0,179,237.846576,30.0
147.0,147,237.974524,32.0
200.0,200,238.148521,7.0
200.0,200,238.323143,28.0
200.0,200,238.497623,0.0
152.0,152,238.630065,33.0
146.0,146,238.757582,32.0
162.0,162,238.898545,26.0
193.0,193,239.066715,27.0
200.0,200,239.241584,0.0
200.0,200,239.847307,18.0
200.0,200,240.022041,10.0
200.0,200,240.197727,21.0
200.0,200,240.373519,0.0
200.0,200,240.548488,0.0
200.0,200,240.723006,0.0
200.0,200,240.897313,23.0
156.0,156,241.033721,25.0
200.0,200,241.20851,0.0
200.0,200,241.385182,0.0
200.0,200,241.560661,0.0
200.0,200,242.159432,0.0
182.0,182,242.318601,32.0
200.0,200,242.492735,31.0
200.0,200,242.666908,0.0
200.0,200,242.84132,5.0
172.0,172,242.991232,25.0
200.0,200,243.165256,0.0
200.0,200,243.340293,17.0
200.0,200,243.518143,34.0
200.0,200,243.694155,0.0
165.0,165,244.261998,28.0
200.0,200,244.436394,0.0
188.0,188,244.600919,39.0
200.0,200,244.775814,0.0
200.0,200,244.950479,36.0
172.0,172,245.10088,20.0
200.0,200,245.277255,0.0
200.0,200,245.454768,27.0
200.0,200,245.632835,0.0
160.0,160,245.772644,34.0
200.0,200,245.947115,0.0
200.0,200,246.557677,21.0
200.0,200,246.732954,20.0
200.0,200,246.9075,25.0
174.0,174,247.067611,29.0
200.0,200,247.254712,0.0
200.0,200,247.439951,0.0
200.0,200,247.617803,0.0
200.0,200,247.792686,0.0
200.0,200,247.967587,34.0
200.0,200,248.141886,0.0
200.0,200,248.739957,10.0
171.0,171,248.889236,26.0
200.0,200,249.063475,25.0
200.0,200,249.2378,0.0
200.0,200,249.412228,21.0
200.0,200,249.589555,0.0
200.0,200,249.765064,26.0
200.0,200,249.939639,0.0
200.0,200,250.114309,0.0
190.0,190,250.281659,28.0
200.0,200,250.456222,0.0
200.0,200,251.055046,0.0
170.0,170,251.204457,32.0
200.0,200,251.378778,41.0
200.0,200,251.554604,0.0
200.0,200,251.731393,0.0
200.0,200,251.90674,16.0
200.0,200,252.081566,16.0
200.0,200,252.256043,0.0
173.0,173,252.40743,29.0
188.0,188,252.571271,24.0
200.0,200,253.169813,0.0
200.0,200,253.344401,0.0
200.0,200,253.519234,0.0
200.0,200,253.697259,25.0
196.0,196,253.869847,29.0
200.0,200,254.045724,8.0
200.0,200,254.220523,0.0
177.0,177,254.37568,31.0
200.0,200,254.550762,29.0
200.0,200,254.725564,0.0
200.0,200,254.900009,0.0
200.0,200,255.501491,3.0
200.0,200,255.685004,0.0
200.0,200,255.863406,0.0
200.0,200,256.039634,0.0
200.0,200,256.214677,9.0
200.0,200,256.390553,0.0
200.0,200,256.565336,0.0
200.0,200,256.740054,0.0
200.0,200,256.914969,0.0
200.0,200,257.089752,22.0
200.0,200,257.687635,32.0
195.0,195,257.859018,28.0
183.0,183,258.018892,31.0
185.0,185,258.182009,35.0
193.0,193,258.35512,15.0
194.0,194,258.527889,42.0
200.0,200,258.703021,0.0
200.0,200,258.877764,11.0
200.0,200,259.052122,0.0
200.0,200,259.226295,0.0
176.0,176,259.80563,37.0
200.0,200,259.982126,0.0
200.0,200,260.156986,0.0
200.0,200,260.333682,42.0
200.0,200,260.50882,0.0
200.0,200,260.68334,2.0
200.0,200,260.857801,0.0
191.0,191,261.02458,42.0
200.0,200,261.199021,38.0
184.0,184,261.360765,46.0
200.0,200,261.536103,25.0
200.0,200,262.140134,0.0
200.0,200,262.316341,19.0
193.0,193,262.48513,35.0
200.0,200,262.659239,0.0
200.0,200,262.833996,0.0
200.0,200,263.008596,33.0
167.0,167,263.154326,39.0
154.0,154,263.288432,46.0
200.0,200,263.462486,0.0
200.0,200,263.63697,23.0
200.0,200,264.237228,0.0
181.0,181,264.395441,41.0
200.0,200,264.56976,0.0
200.0,200,264.74431,0.0
200.0,200,264.918761,0.0
200.0,200,265.093195,42.0
200.0,200,265.268808,0.0
200.0,200,265.443516,0.0
200.0,200,265.618197,25.0
200.0,200,265.792692,0.0
200.0,200,265.970126,0.0
200.0,200,266.573485,38.0
200.0,200,266.748781,0.0
200.0,200,266.923155,1.0
200.0,200,267.098074,31.0
200.0,200,267.272812,0.0
200.0,200,267.447685,26.0
200.0,200,267.622498,18.0
200.0,200,267.797201,21.0
200.0,200,267.973715,0.0
200.0,200,268.148791,22.0
200.0,200,268.746419,38.0
200.0,200,268.920965,16.0
200.0,200,269.09565,0.0
200.0,200,269.270319,0.0
200.0,200,269.445019,0.0
200.0,200,269.619577,0.0
172.0,172,269.769854,40.0
173.0,173,269.921325,39.0
200.0,200,270.098142,0.0
200.0,200,270.275763,0.0
200.0,200,270.452961,14.0
200.0,200,271.053865,0.0
200.0,200,271.229197,22.0
200.0,200,271.403912,0.0
200.0,200,271.578798,0.0
200.0,200,271.753258,29.0
181.0,181,271.911648,34.0
186.0,186,272.075746,31.0
195.0,195,272.247303,30.0
200.0,200,272.422964,27.0
200.0,200,272.59808,0.0
200.0,200,273.196494,0.0
200.0,200,273.371001,33.0
198.0,198,273.543686,49.0
200.0,200,273.717741,0.0
177.0,177,273.872401,36.0
200.0,200,274.048213,5.0
200.0,200,274.223569,0.0
200.0,200,274.398336,0.0
200.0,200,274.573026,41.0
200.0,200,274.748241,34.0
200.0,200,275.348472,0.0
200.0,200,275.523715,0.0
200.0,200,275.698408,27.0
182.0,182,275.857348,39.0
184.0,184,276.018245,45.0
200.0,200,276.194839,0.0
200.0,200,276.371436,32.0
200.0,200,276.547097,9.0
200.0,200,276.721953,0.0
200.0,200,276.896497,17.0
200.0,200,277.071062,0.0
200.0,200,277.668463,0.0
200.0,200,277.843426,0.0
185.0,185,278.005066,36.0
200.0,200,278.18164,0.0
158.0,158,278.320777,42.0
200.0,200,278.496228,0.0
200.0,200,278.671757,0.0
200.0,200,278.846958,25.0
200.0,200,279.021575,0.0
200.0,200,279.196101,30.0
192.0,192,279.786708,29.0
199.0,199,279.9603,33.0
200.0,200,280.135611,7.0
200.0,200,280.31438,9.0
200.0,200,280.492564,9.0
200.0,200,280.668359,0.0
200.0,200,280.842979,0.0
192.0,192,281.010549,52.0
200.0,200,281.185168,0.0
200.0,200,281.360062,0.0
200.0,200,281.534633,0.0
200.0,200,282.131664,0.0
200.0,200,282.308658,22.0
200.0,200,282.484542,0.0
200.0,200,282.660315,0.0
200.0,200,282.836646,18.0
193.0,193,283.006169,41.0
186.0,186,283.169574,40.0
200.0,200,283.344277,18.0
200.0,200,283.518893,41.0
200.0,200,283.693374,11.0
200.0,200,284.297197,36.0
200.0,200,284.473191,6.0
200.0,200,284.646167,0.0
196.0,196,284.815553,45.0
200.0,200,284.987774,41.0
178.0,178,285.14234,31.0
200.0,200,285.316652,0.0
193.0,193,285.483677,33.0
187.0,187,285.64513,40.0
200.0,200,285.817676,0.0
200.0,200,286.414524,0.0
200.0,200,286.588605,0.0
192.0,192,286.755283,32.0
200.0,200,286.927859,9.0
200.0,200,287.101083,0.0
200.0,200,287.274049,0.0
200.0,200,287.446935,41.0
200.0,200,287.619743,25.0
200.0,200,287.792634,1.0
200.0,200,287.965721,0.0
200.0,200,288.138754,0.0
185.0,185,288.723543,31.0
200.0,200,288.895772,10.0
200.0,200,289.068465,39.0
179.0,179,289.223049,36.0
200.0,200,289.395301,0.0
200.0,200,289.568165,36.0
200.0,200,289.740571,0.0
200.0,200,289.913408,0.0
200.0,200,290.085954,1.0
200.0,200,290.260247,0.0
185.0,185,290.845952,39.0
200.0,200,291.018693,0.0
200.0,200,291.192371,27.0
200.0,200,291.365621,0.0
176.0,176,291.518109,33.0
200.0,200,291.690516,0.0
200.0,200,291.863485,19.0
200.0,200,292.036544,0.0
200.0,200,292.209576,0.0
200.0,200,292.383184,3.0
200.0,200,292.557863,0.0
200.0,200,293.151765,1.0
200.0,200,293.324638,0.0
200.0,200,293.497645,0.0
200.0,200,293.670692,0.0
200.0,200,293.843562,0.0
200.0,200,294.016844,27.0
200.0,200,294.189747,0.0
200.0,200,294.363256,18.0
200.0,200,294.538959,24.0
200.0,200,294.713262,0.0
200.0,200,295.307199,0.0
180.0,180,295.462973,34.0
200.0,200,295.635621,0.0
200.0,200,295.808079,0.0
200.0,200,295.980729,0.0
200.0,200,296.15326,0.0
200.0,200,296.32697,0.0
200.0,200,296.500661,30.0
200.0,200,296.674098,0.0
200.0,200,296.846698,0.0
200.0,200,297.43838,0.0
200.0,200,297.611109,0.0
190.0,190,297.775073,42.0
200.0,200,297.947463,13.0
200.0,200,298.120108,18.0
200.0,200,298.292907,0.0
200.0,200,298.465751,0.0
200.0,200,298.640491,0.0
200.0,200,298.814046,15.0
200.0,200,298.987052,8.0
200.0,200,299.580392,0.0
200.0,200,299.753489,0.0
200.0,200,299.926486,0.0
200.0,200,300.099418,0.0
200.0,200,300.273579,0.0
200.0,200,300.447725,19.0
200.0,200,300.624891,0.0
200.0,200,300.800861,2.0
200.0,200,300.973971,0.0
199.0,199,301.146641,35.0
200.0,200,301.320376,0.0
200.0,200,301.91756,26.0
200.0,200,302.094146,0.0
200.0,200,302.270537,0.0
200.0,200,302.445248,0.0
200.0,200,302.619132,0.0
200.0,200,302.794452,0.0
200.0,200,302.968322,39.0
200.0,200,303.141576,0.0
200.0,200,303.314512,0.0
200.0,200,303.487258,0.0
200.0,200,304.080061,0.0
200.0,200,304.252999,0.0
200.0,200,304.426096,0.0
200.0,200,304.599488,0.0
200.0,200,304.775584,0.0
200.0,200,304.950028,38.0
200.0,200,305.123648,10.0
200.0,200,305.299121,0.0
200.0,200,305.472733,0.0
200.0,200,305.646317,20.0
200.0,200,306.239968,0.0
200.0,200,306.41319,17.0
200.0,200,306.586257,0.0
200.0,200,306.761411,0.0
200.0,200,306.936382,0.0
200.0,200,307.10976,0.0
200.0,200,307.282667,42.0
200.0,200,307.455598,39.0
200.0,200,307.628642,0.0
200.0,200,307.801434,0.0
200.0,200,308.393099,0.0
200.0,200,308.566292,3.0
200.0,200,308.739737,16.0
200.0,200,308.913914,15.0
200.0,200,309.086923,0.0
200.0,200,309.25932,0.0
200.0,200,309.432039,0.0
200.0,200,309.605034,0.0
200.0,200,309.778252,0.0
200.0,200,309.951583,0.0
200.0,200,310.124767,0.0
143.0,143,310.669554,13.0
139.0,139,310.791506,10.0
144.0,144,310.918158,6.0
132.0,132,311.033942,14.0
200.0,200,311.207109,0.0
197.0,197,311.377133,13.0
135.0,135,311.49339,16.0
200.0,200,311.666163,0.0
174.0,174,311.816639,6.0
133.0,133,311.931224,14.0
176.0,176,312.083004,7.0
120.0,120,312.186351,12.0
200.0,200,312.777656,0.0
161.0,161,312.918463,25.0
200.0,200,313.091918,0.0
200.0,200,313.265073,0.0
181.0,181,313.421597,18.0
200.0,200,313.594336,0.0
200.0,200,313.767081,4.0
195.0,195,313.935606,15.0
138.0,138,314.054482,26.0
200.0,200,314.22894,0.0
184.0,184,314.392567,24.0
200.0,200,314.992997,0.0
200.0,200,315.168997,0.0
190.0,190,315.335029,31.0
200.0,200,315.50889,7.0
200.0,200,315.682382,34.0
200.0,200,315.855318,0.0
200.0,200,316.028018,0.0
200.0,200,316.201354,0.0
200.0,200,316.374763,0.0
200.0,200,316.547629,0.0
200.0,200,316.720493,0.0
200.0,200,317.319386,0.0
141.0,141,317.441581,16.0
200.0,200,317.614235,6.0
166.0,166,317.757726,29.0
197.0,197,317.927998,41.0
160.0,160,318.066186,30.0
200.0,200,318.238967,0.0
179.0,179,318.394026,25.0
159.0,159,318.53133,42.0
200.0,200,318.704135,0.0
200.0,200,318.877338,0.0
200.0,200,319.472482,0.0
200.0,200,319.645802,0.0
200.0,200,319.818386,0.0
200.0,200,319.990986,0.0
181.0,181,320.147326,10.0
200.0,200,320.321774,0.0
200.0,200,320.494938,0.0
200.0,200,320.668087,25.0
200.0,200,320.840948,0.0
184.0,184,321.000742,30.0
200.0,200,321.598198,0.0
200.0,200,321.771445,0.0
200.0,200,321.944937,27.0
193.0,193,322.112049,42.0
200.0,200,322.284832,24.0
200.0,200,322.457911,0.0
200.0,200,322.630984,0.0
195.0,195,322.799774,29.0
200.0,200,322.972449,0.0
177.0,177,323.128063,21.0
200.0,200,323.301466,0.0
200.0,200,323.894978,0.0
200.0,200,324.068207,16.0
184.0,184,324.227235,32.0
200.0,200,324.399903,0.0
200.0,200,324.572762,0.0
200.0,200,324.745449,6.0
200.0,200,324.918241,0.0
200.0,200,325.092096,0.0
200.0,200,325.273369,6.0
164.0,164,325.417734,14.0
200.0,200,326.016357,8.0
200.0,200,326.189518,0.0
200.0,200,326.36272,0.0
200.0,200,326.538133,20.0
200.0,200,326.714388,0.0
179.0,179,326.872345,30.0
192.0,192,327.038882,34.0
200.0,200,327.213064,0.0
200.0,200,327.386369,0.0
200.0,200,327.560202,0.0
200.0,200,327.733016,0.0
200.0,200,328.3249,36.0
169.0,169,328.47092,29.0
200.0,200,328.643669,0.0
200.0,200,328.816561,25.0
200.0,200,328.989247,9.0
198.0,198,329.161483,30.0
158.0,158,329.298749,33.0
200.0,200,329.472128,21.0
194.0,194,329.642437,27.0
200.0,200,329.816251,0.0
200.0,200,330.412906,0.0
200.0,200,330.586147,1.0
200.0,200,330.760379,0.0
200.0,200,330.933854,47.0
200.0,200,331.107115,23.0
200.0,200,331.281802,0.0
200.0,200,331.455678,33.0
200.0,200,331.62913,14.0
200.0,200,331.801795,8.0
200.0,200,331.974777,0.0
200.0,200,332.566801,0.0
176.0,176,332.719088,28.0
200.0,200,332.891517,0.0
200.0,200,333.064467,0.0
200.0,200,333.238234,0.0
200.0,200,333.41242,16.0
191.0,191,333.578556,30.0
200.0,200,333.751398,22.0
200.0,200,333.924162,0.0
157.0,157,334.059794,29.0
200.0,200,334.23239,0.0
200.0,200,334.827183,34.0
200.0,200,334.999848,0.0
200.0,200,335.172999,9.0
190.0,190,335.339864,31.0
200.0,200,335.516033,33.0
200.0,200,335.691687,20.0
200.0,200,335.864788,0.0
200.0,200,336.037057,0.0
200.0,200,336.210038,0.0
200.0,200,336.382879,21.0
200.0,200,336.974074,8.0
200.0,200,337.147039,0.0
200.0,200,337.319848,0.0
200.0,200,337.494028,0.0
200.0,200,337.667488,0.0
200.0,200,337.84089,0.0
200.0,200,338.013717,0.0
200.0,200,338.186503,0.0
200.0,200,338.358773,33.0
200.0,200,338.531341,30.0
200.0,200,338.703915,0.0
200.0,200,339.294524,0.0
181.0,181,339.453031,36.0
200.0,200,339.626742,16.0
200.0,200,339.800255,0.0
200.0,200,339.973132,25.0
200.0,200,340.146223,0.0
200.0,200,340.320544,0.0
198.0,198,340.491732,28.0
200.0,200,340.664393,0.0
200.0,200,340.83726,34.0
200.0,200,341.429987,27.0
200.0,200,341.603828,0.0
200.0,200,341.776612,14.0
169.0,169,341.922991,16.0
200.0,200,342.095107,0.0
200.0,200,342.267396,2.0
200.0,200,342.439997,0.0
200.0,200,342.612782,13.0
188.0,188,342.774936,43.0
200.0,200,342.946955,2.0
200.0,200,343.539214,0.0
200.0,200,343.713248,7.0
195.0,195,343.8814,38.0
179.0,179,344.035398,30.0
200.0,200,344.207601,18.0
200.0,200,344.379964,0.0
199.0,199,344.551667,30.0
179.0,179,344.705589,28.0
200.0,200,344.878184,0.0
184.0,184,345.036663,24.0
199.0,199,345.209046,31.0
200.0,200,345.805672,0.0
200.0,200,345.978769,0.0
200.0,200,346.151611,0.0
200.0,200,346.325094,0.0
199.0,199,346.497117,28.0
194.0,194,346.664252,29.0
189.0,189,346.827332,14.0
200.0,200,347.000355,11.0
195.0,195,347.169149,30.0
200.0,200,347.341516,0.0
200.0,200,347.936797,8.0
200.0,200,348.109832,0.0
200.0,200,348.28289,34.0
200.0,200,348.455901,0.0
200.0,200,348.628515,0.0
195.0,195,348.796827,41.0
184.0,184,348.955142,30.0
174.0,174,349.105042,30.0
200.0,200,349.277235,0.0
200.0,200,349.449872,0.0
200.0,200,349.623362,0.0
200.0,200,350.21995,0.0
167.0,167,350.36642,44.0
200.0,200,350.538854,0.0
200.0,200,350.712102,0.0
200.0,200,350.885025,15.0
200.0,200,351.057789,0.0
191.0,191,351.223441,37.0
200.0,200,351.395942,0.0
200.0,200,351.56912,0.0
200.0,200,351.744731,0.0
200.0,200,352.338544,29.0
200.0,200,352.511068,27.0
200.0,200,352.68382,36.0
200.0,200,352.856367,0.0
200.0,200,353.029158,0.0
187.0,187,353.190777,34.0
200.0,200,353.362897,0.0
200.0,200,353.535434,0.0
200.0,200,353.709381,4.0
200.0,200,353.883206,0.0
200.0,200,354.056318,29.0
200.0,200,354.649765,0.0
200.0,200,354.822259,0.0
200.0,200,354.994884,29.0
200.0,200,355.168141,0.0
199.0,199,355.34058,36.0
200.0,200,355.514558,41.0
200.0,200,355.691645,10.0
183.0,183,355.851934,35.0
200.0,200,356.024888,0.0
200.0,200,356.197614,0.0
200.0,200,356.791127,0.0
200.0,200,356.963954,8.0
200.0,200,357.136939,0.0
200.0,200,357.309659,20.0
200.0,200,357.482449,2.0
200.0,200,357.655155,0.0
179.0,179,357.811363,28.0
200.0,200,357.985365,0.0
200.0,200,358.158904,25.0
200.0,200,358.33232,6.0
200.0,200,358.924476,0.0
200.0,200,359.097348,18.0
182.0,182,359.254404,29.0
200.0,200,359.426581,31.0
200.0,200,359.598817,0.0
186.0,186,359.759012,28.0
200.0,200,359.93349,0.0
193.0,193,360.100201,34.0
200.0,200,360.273341,0.0
177.0,177,360.427046,44.0
200.0,200,360.59956,0.0
200.0,200,361.194175,0.0
200.0,200,361.36725,0.0
200.0,200,361.539986,40.0
190.0,190,361.704223,39.0
200.0,200,361.877617,2.0
200.0,200,362.051792,0.0
200.0,200,362.225446,45.0
197.0,197,362.396369,41.0
186.0,186,362.556911,34.0
200.0,200,362.729572,0.0
196.0,196,363.318238,34.0
200.0,200,363.505329,0.0
199.0,199,363.682997,38.0
200.0,200,363.86078,0.0
200.0,200,364.038859,0.0
200.0,200,364.216236,3.0
200.0,200,364.39073,0.0
200.0,200,364.565661,0.0
200.0,200,364.740871,11.0
192.0,192,364.908793,47.0
200.0,200,365.509155,0.0
200.0,200,365.683671,0.0
200.0,200,365.858242,15.0
200.0,200,366.036052,0.0
180.0,180,366.195898,32.0
200.0,200,366.371207,40.0
200.0,200,366.546511,45.0
200.0,200,366.721059,0.0
200.0,200,366.895576,0.0
200.0,200,367.070231,32.0
200.0,200,367.244604,0.0
200.0,200,367.843524,10.0
200.0,200,368.01963,0.0
200.0,200,368.195887,4.0
200.0,200,368.371347,0.0
200.0,200,368.546271,11.0
200.0,200,368.721075,0.0
182.0,182,368.880123,34.0
200.0,200,369.054532,38.0
200.0,200,369.229522,0.0
200.0,200,369.40421,0.0
171.0,171,369.977613,37.0
200.0,200,370.154799,8.0
200.0,200,370.333241,0.0
200.0,200,370.509689,1.0
200.0,200,370.685297,26.0
200.0,200,370.861628,0.0
200.0,200,371.036457,0.0
200.0,200,371.211591,0.0
200.0,200,371.386319,0.0
200.0,200,371.560988,0.0
200.0,200,371.735536,0.0
200.0,200,372.339805,0.0
200.0,200,372.514971,41.0
200.0,200,372.689468,0.0
200.0,200,372.864,0.0
200.0,200,373.038723,0.0
178.0,178,373.194245,36.0
200.0,200,373.368605,0.0
200.0,200,373.543256,0.0
200.0,200,373.71785,0.0
200.0,200,373.892188,0.0
200.0,200,374.499588,25.0
200.0,200,374.674111,5.0
200.0,200,374.848778,22.0
200.0,200,375.023085,0.0
200.0,200,375.198848,0.0
200.0,200,375.373343,0.0
200.0,200,375.54848,0.0
200.0,200,375.722903,0.0
200.0,200,375.897206,26.0
200.0,200,376.071863,33.0
200.0,200,376.677351,0.0
200.0,200,376.852182,11.0
200.0,200,377.027168,0.0
200.0,200,377.205601,0.0
200.0,200,377.381591,0.0
200.0,200,377.556361,15.0
200.0,200,377.730771,0.0
200.0,200,377.905585,0.0
200.0,200,378.080391,0.0
200.0,200,378.256408,34.0
200.0,200,378.858464,0.0
200.0,200,379.033231,0.0
200.0,200,379.208063,0.0
200.0,200,379.382493,2.0
197.0,197,379.554804,42.0
200.0,200,379.728886,0.0
200.0,200,379.903401,0.0
200.0,200,380.077684,0.0
200.0,200,380.253232,0.0
200.0,200,380.441451,13.0
200.0,200,380.630761,0.0
200.0,200,381.2321,0.0
200.0,200,381.406595,0.0
200.0,200,381.581486,0.0
200.0,200,381.756532,0.0
200.0,200,381.93124,0.0
200.0,200,382.105572,0.0
200.0,200,382.280888,11.0
200.0,200,382.458665,0.0
200.0,200,382.634763,13.0
200.0,200,382.809495,49.0
200.0,200,383.408706,0.0
200.0,200,383.583524,0.0
200.0,200,383.758429,0.0
200.0,200,383.933309,0.0
200.0,200,384.107864,0.0
200.0,200,384.282559,0.0
200.0,200,384.459701,0.0
200.0,200,384.635732,0.0
200.0,200,384.810769,0.0
200.0,200,384.985323,30.0
200.0,200,385.596748,0.0
200.0,200,385.772161,0.0
200.0,200,385.947362,18.0
200.0,200,386.122396,0.0
200.0,200,386.297025,0.0
200.0,200,386.473663,0.0
200.0,200,386.649355,0.0
200.0,200,386.825733,0.0
199.0,199,387.000341,38.0
200.0,200,387.174748,0.0
200.0,200,387.773952,0.0
200.0,200,387.948987,0.0
200.0,200,388.12385,0.0
200.0,200,388.298839,0.0
200.0,200,388.475392,13.0
200.0,200,388.653526,0.0
200.0,200,388.829815,29.0
200.0,200,389.004699,0.0
200.0,200,389.180189,0.0
200.0,200,389.354767,0.0
200.0,200,389.529666,10.0
200.0,200,390.129693,14.0
200.0,200,390.303784,0.0
200.0,200,390.479396,0.0
200.0,200,390.65797,0.0
193.0,193,390.831924,36.0
200.0,200,391.009816,0.0
200.0,200,391.187208,0.0
200.0,200,391.362094,0.0
200.0,200,391.537591,0.0
200.0,200,391.711874,0.0
200.0,200,392.31086,0.0
200.0,200,392.485952,0.0
200.0,200,392.66392,0.0
200.0,200,392.843675,0.0
200.0,200,393.022193,0.0
200.0,200,393.201226,13.0
200.0,200,393.377582,0.0
200.0,200,393.551988,0.0
200.0,200,393.726284,27.0
200.0,200,393.901463,0.0
200.0,200,394.500165,0.0
200.0,200,394.677344,0.0
200.0,200,394.853613,0.0
200.0,200,395.029017,6.0
200.0,200,395.204678,0.0
200.0,200,395.378953,32.0
200.0,200,395.553839,31.0
200.0,200,395.728856,42.0
200.0,200,395.903445,0.0
200.0,200,396.078102,0.0
200.0,200,396.680936,25.0
200.0,200,396.858844,50.0
200.0,200,397.034065,0.0
200.0,200,397.209526,0.0
200.0,200,397.384321,0.0
200.0,200,397.559537,26.0
200.0,200,397.734255,0.0
200.0,200,397.909243,29.0
200.0,200,398.084103,0.0
200.0,200,398.259243,3.0
200.0,200,398.434328,0.0
200.0,200,399.043704,0.0
200.0,200,399.222013,0.0
200.0,200,399.400295,0.0
200.0,200,399.578455,0.0
200.0,200,399.756674,0.0
200.0,200,399.935027,0.0
200.0,200,400.113374,0.0
200.0,200,400.291536,30.0
200.0,200,400.469906,23.0
200.0,200,400.647027,0.0
200.0,200,401.25866,18.0
200.0,200,401.437237,0.0
200.0,200,401.615671,15.0
200.0,200,401.79316,0.0
200.0,200,401.968944,0.0
200.0,200,402.143674,39.0
200.0,200,402.322279,18.0
200.0,200,402.499746,0.0
200.0,200,402.677133,31.0
200.0,200,402.855806,38.0
200.0,200,403.463319,6.0
200.0,200,403.639174,0.0
200.0,200,403.814718,0.0
200.0,200,403.989949,0.0
200.0,200,404.1658,4.0
200.0,200,404.344502,0.0
200.0,200,404.521552,0.0
200.0,200,404.698596,0.0
200.0,200,404.876539,0.0
200.0,200,405.054741,42.0
180.0,180,405.645929,34.0
200.0,200,405.82124,0.0
200.0,200,405.997474,41.0
200.0,200,406.173569,0.0
200.0,200,406.352304,24.0
200.0,200,406.529789,34.0
200.0,200,406.707387,0.0
200.0,200,406.885547,0.0
200.0,200,407.063932,30.0
200.0,200,407.243593,26.0
200.0,200,407.420631,0.0
200.0,200,408.029936,2.0
200.0,200,408.206518,0.0
200.0,200,408.382411,0.0
200.0,200,408.558101,0.0
200.0,200,408.733628,0.0
200.0,200,408.910776,0.0
200.0,200,409.089108,0.0
200.0,200,409.266608,0.0
200.0,200,409.44378,0.0
200.0,200,409.620874,3.0
200.0,200,410.227729,0.0
200.0,200,410.40505,0.0
200.0,200,410.58235,10.0
200.0,200,410.760081,0.0
200.0,200,410.937729,29.0
200.0,200,411.116097,0.0
200.0,200,411.293384,0.0
200.0,200,411.470639,27.0
200.0,200,411.647745,3.0
200.0,200,411.825093,13.0
200.0,200,412.433871,19.0
200.0,200,412.611397,0.0
200.0,200,412.788732,0.0
200.0,200,412.966495,0.0
200.0,200,413.14468,0.0
200.0,200,413.322669,0.0
200.0,200,413.499945,19.0
200.0,200,413.677165,0.0
200.0,200,413.854335,0.0
200.0,200,414.031567,0.0
200.0,200,414.640347,0.0
200.0,200,414.817841,26.0
200.0,200,414.995555,0.0
200.0,200,415.173811,0.0
200.0,200,415.351362,0.0
200.0,200,415.528374,0.0
200.0,200,415.705612,0.0
200.0,200,415.882802,0.0
200.0,200,416.059983,0.0
200.0,200,416.237162,0.0
200.0,200,416.414013,0.0
200.0,200,417.02264,0.0
200.0,200,417.201175,0.0
200.0,200,417.378766,4.0
200.0,200,417.556281,21.0
200.0,200,417.733876,0.0
200.0,200,417.911424,0.0
200.0,200,418.088894,16.0
200.0,200,418.266309,0.0
200.0,200,418.443754,0.0
200.0,200,418.621138,0.0
200.0,200,419.230747,0.0
200.0,200,419.40896,0.0
200.0,200,419.58637,0.0
200.0,200,419.763344,0.0
200.0,200,419.94036,5.0
200.0,200,420.117433,0.0
200.0,200,420.29438,0.0
200.0,200,420.471527,0.0
200.0,200,420.648763,0.0
200.0,200,420.827639,0.0
200.0,200,421.44134,0.0
200.0,200,421.61987,6.0
200.0,200,421.797195,22.0
200.0,200,421.974607,0.0
200.0,200,422.152048,0.0
200.0,200,422.329331,0.0
200.0,200,422.506653,27.0
200.0,200,422.684007,0.0
200.0,200,422.862236,0.0
200.0,200,423.040452,0.0
200.0,200,423.654277,26.0
200.0,200,423.832281,11.0
200.0,200,424.010259,0.0
200.0,200,424.188417,0.0
200.0,200,424.36648,0.0
200.0,200,424.544536,0.0
200.0,200,424.722478,0.0
200.0,200,424.900266,0.0
183.0,183,425.063135,36.0
200.0,200,425.240927,0.0
200.0,200,425.418924,34.0
183.0,183,426.011341,35.0
200.0,200,426.186831,24.0
195.0,195,426.358325,41.0
200.0,200,426.533977,0.0
200.0,200,426.709668,0.0
200.0,200,426.886566,20.0
200.0,200,427.0635,0.0
200.0,200,427.240665,0.0
200.0,200,427.418795,0.0
200.0,200,427.597152,20.0
200.0,200,428.211689,0.0
200.0,200,428.389862,0.0
200.0,200,428.568112,0.0
200.0,200,428.746032,0.0
200.0,200,428.923887,17.0
200.0,200,429.099213,0.0
200.0,200,429.275123,0.0
200.0,200,429.452563,39.0
200.0,200,429.629478,0.0
200.0,200,429.806953,19.0
200.0,200,430.417415,0.0
200.0,200,430.595921,16.0
200.0,200,430.774084,17.0
200.0,200,430.952307,0.0
200.0,200,431.130383,0.0
200.0,200,431.308619,0.0
200.0,200,431.486596,0.0
200.0,200,431.664252,0.0
200.0,200,431.840252,0.0
200.0,200,432.017318,0.0
200.0,200,432.631207,0.0
200.0,200,432.809198,0.0
200.0,200,432.984484,51.0
200.0,200,433.15918,23.0
200.0,200,433.334717,0.0
200.0,200,433.512943,0.0
200.0,200,433.690637,0.0
200.0,200,433.868887,0.0
200.0,200,434.047532,0.0
200.0,200,434.225584,0.0
200.0,200,434.403589,0.0
200.0,200,435.015383,0.0
200.0,200,435.191259,0.0
200.0,200,435.367013,0.0
200.0,200,435.545124,0.0
200.0,200,435.723448,22.0
200.0,200,435.899022,0.0
200.0,200,436.074321,0.0
200.0,200,436.249264,0.0
200.0,200,436.424488,0.0
200.0,200,436.599754,0.0
200.0,200,437.205136,0.0
200.0,200,437.381104,2.0
200.0,200,437.559198,0.0
200.0,200,437.73742,0.0
200.0,200,437.915621,0.0
200.0,200,438.093864,0.0
200.0,200,438.271912,0.0
200.0,200,438.450087,0.0
200.0,200,438.628092,0.0
200.0,200,438.80656,0.0
200.0,200,439.414357,0.0
200.0,200,439.592202,0.0
200.0,200,439.770053,5.0
200.0,200,439.947427,0.0
200.0,200,440.12449,23.0
200.0,200,440.301832,0.0
200.0,200,440.478512,0.0
200.0,200,440.655679,34.0
200.0,200,440.832546,0.0
200.0,200,441.009578,4.0
200.0,200,441.617774,0.0
200.0,200,441.790527,11.0
200.0,200,441.963685,0.0
200.0,200,442.136626,15.0
200.0,200,442.314042,0.0
200.0,200,442.487503,0.0
200.0,200,442.660888,0.0
200.0,200,442.834509,0.0
200.0,200,443.007254,0.0
200.0,200,443.179875,0.0
200.0,200,443.352437,0.0
200.0,200,443.947231,0.0
200.0,200,444.120257,0.0
200.0,200,444.292219,26.0
200.0,200,444.465283,0.0
200.0,200,444.63743,0.0
200.0,200,444.80972,0.0
200.0,200,444.981961,0.0
200.0,200,445.154187,15.0
200.0,200,445.326465,0.0
200.0,200,445.498705,0.0
200.0,200,446.094169,0.0
200.0,200,446.267406,0.0
200.0,200,446.439382,0.0
200.0,200,446.611515,0.0
200.0,200,446.784194,0.0
200.0,200,446.956645,0.0
200.0,200,447.129756,0.0
200.0,200,447.302644,0.0
200.0,200,447.475808,0.0
200.0,200,447.649663,0.0
200.0,200,448.245555,0.0
200.0,200,448.419894,13.0
200.0,200,448.593118,0.0
200.0,200,448.766531,0.0
200.0,200,448.939645,0.0
200.0,200,449.113139,0.0
200.0,200,449.286335,0.0
200.0,200,449.458792,0.0
200.0,200,449.631267,0.0
200.0,200,449.804509,0.0
200.0,200,450.404067,0.0
200.0,200,450.577533,0.0
200.0,200,450.750859,8.0
200.0,200,450.924161,0.0
200.0,200,451.097087,0.0
200.0,200,451.270203,3.0
200.0,200,451.443251,0.0
200.0,200,451.615917,0.0
200.0,200,451.789259,0.0
200.0,200,451.962142,0.0
200.0,200,452.135262,21.0
200.0,200,452.728915,9.0
200.0,200,452.90285,0.0
200.0,200,453.075804,31.0
200.0,200,453.249234,0.0
200.0,200,453.422438,0.0
200.0,200,453.595617,0.0
200.0,200,453.769167,0.0
200.0,200,453.941946,23.0
200.0,200,454.11517,0.0
200.0,200,454.288176,0.0
200.0,200,454.89643,0.0
200.0,200,455.079781,0.0
200.0,200,455.262925,0.0
200.0,200,455.442917,0.0
200.0,200,455.630801,0.0
200.0,200,455.809132,0.0
200.0,200,455.988987,0.0
200.0,200,456.171089,4.0
200.0,200,456.354577,0.0
200.0,200,456.537589,0.0
200.0,200,457.134002,0.0
200.0,200,457.305833,0.0
200.0,200,457.477609,0.0
200.0,200,457.649723,0.0
200.0,200,457.822216,0.0
200.0,200,457.996512,13.0
200.0,200,458.170158,0.0
200.0,200,458.343588,0.0
200.0,200,458.516708,0.0
200.0,200,458.696505,0.0
200.0,200,459.299094,0.0
200.0,200,459.47243,0.0
200.0,200,459.646609,27.0
200.0,200,459.819962,0.0
200.0,200,459.993575,0.0
200.0,200,460.166887,0.0
200.0,200,460.341982,0.0
200.0,200,460.523527,0.0
200.0,200,460.705015,0.0
200.0,200,460.885925,0.0
200.0,200,461.06643,0.0
200.0,200,461.675819,0.0
200.0,200,461.85672,0.0
200.0,200,462.037165,0.0
200.0,200,462.210479,0.0
200.0,200,462.384207,0.0
200.0,200,462.557696,0.0
200.0,200,462.731034,0.0
200.0,200,462.904578,0.0
200.0,200,463.078907,0.0
200.0,200,463.252498,34.0
200.0,200,463.848286,0.0
200.0,200,464.021999,0.0
200.0,200,464.195736,0.0
200.0,200,464.36922,0.0
200.0,200,464.54272,0.0
200.0,200,464.716021,0.0
200.0,200,464.889136,0.0
200.0,200,465.06096,0.0
200.0,200,465.232926,0.0
200.0,200,465.40468,0.0
200.0,200,465.994781,0.0
200.0,200,466.173903,0.0
200.0,200,466.346282,0.0
200.0,200,466.518273,0.0
200.0,200,466.696169,0.0
200.0,200,466.875258,0.0
200.0,200,467.053391,0.0
200.0,200,467.22791,0.0
200.0,200,467.398915,0.0
200.0,200,467.570182,0.0
