#{"t_start": 1752536160.0332599, "env_id": "SafeCartPole-v0"}
r,l,t,c
12.0,13,1.250679,12.0
12.0,12,1.261468,12.0
19.0,19,1.278371,19.0
16.0,16,1.292606,16.0
31.0,31,1.320108,31.0
39.0,39,1.354589,39.0
18.0,18,1.370528,18.0
30.0,30,1.39702,30.0
14.0,14,1.409384,14.0
40.0,40,1.444705,40.0
15.0,15,1.457858,15.0
54.0,75,1.524274,54.0
24.0,31,1.551754,24.0
8.0,12,1.562402,8.0
30.0,30,1.58901,30.0
22.0,28,1.615999,22.0
14.0,14,1.628414,14.0
10.0,10,1.637301,10.0
13.0,13,1.648826,13.0
13.0,13,1.660347,13.0
16.0,16,1.674534,16.0
8.0,10,1.683513,8.0
21.0,21,1.702107,21.0
13.0,14,1.714491,13.0
28.0,44,1.75314,28.0
11.0,11,1.762762,11.0
31.0,41,1.798551,31.0
10.0,10,1.80734,10.0
73.0,73,1.871653,73.0
19.0,30,1.897814,19.0
11.0,13,1.909234,11.0
32.0,32,1.937332,32.0
23.0,23,1.95737,23.0
45.0,45,1.996659,45.0
20.0,30,2.022919,20.0
17.0,19,2.039686,17.0
43.0,68,2.098812,43.0
27.0,27,2.12243,27.0
15.0,17,2.137342,15.0
22.0,22,2.15659,22.0
31.0,31,2.183563,31.0
22.0,25,2.205552,22.0
15.0,15,2.218667,15.0
30.0,30,2.244716,30.0
10.0,13,2.256022,10.0
12.0,15,2.269094,12.0
8.0,11,2.278722,8.0
11.0,15,2.291793,11.0
16.0,16,2.305709,16.0
43.0,43,2.343115,43.0
30.0,45,2.382081,30.0
27.0,29,2.407307,27.0
13.0,13,2.418715,13.0
21.0,27,2.442193,21.0
13.0,15,2.455242,13.0
11.0,13,2.466542,11.0
24.0,26,2.489073,24.0
13.0,13,2.500377,13.0
24.0,24,2.521437,24.0
26.0,26,2.544144,26.0
33.0,33,2.572857,33.0
24.0,25,2.594558,24.0
42.0,57,2.644188,42.0
40.0,40,2.678921,40.0
14.0,14,2.691108,14.0
10.0,15,2.704266,10.0
17.0,21,2.722622,17.0
12.0,13,2.733935,12.0
23.0,23,2.753932,23.0
26.0,26,2.77658,26.0
23.0,23,2.797044,23.0
26.0,26,2.820164,26.0
10.0,13,2.831676,10.0
13.0,13,2.843152,13.0
25.0,25,2.865045,25.0
13.0,19,2.881724,13.0
23.0,23,2.901929,23.0
8.0,10,2.910758,8.0
13.0,13,2.922241,13.0
23.0,25,2.9441,23.0
17.0,17,2.958969,17.0
13.0,13,2.97034,13.0
13.0,14,2.982615,13.0
9.0,10,2.991399,9.0
10.0,11,3.001012,10.0
19.0,19,3.017604,19.0
17.0,17,3.032526,17.0
23.0,25,3.527501,23.0
15.0,17,3.542421,15.0
44.0,44,3.580569,44.0
14.0,19,3.597129,14.0
10.0,10,3.605928,10.0
28.0,76,3.672073,28.0
14.0,21,3.690452,14.0
31.0,31,3.717465,31.0
60.0,60,3.769624,60.0
45.0,65,3.826113,45.0
22.0,34,3.855636,22.0
17.0,17,3.870436,17.0
9.0,9,3.878319,9.0
22.0,22,3.89753,22.0
21.0,21,3.915823,21.0
34.0,55,3.963566,34.0
27.0,27,3.987091,27.0
10.0,13,3.998443,10.0
17.0,17,4.013265,17.0
23.0,30,4.039518,23.0
12.0,17,4.054355,12.0
26.0,26,4.076995,26.0
26.0,26,4.099615,26.0
14.0,14,4.111809,14.0
52.0,52,4.157023,52.0
11.0,12,4.167525,11.0
18.0,24,4.188458,18.0
21.0,21,4.206978,21.0
25.0,25,4.228983,25.0
11.0,11,4.238635,11.0
7.0,10,4.247516,7.0
21.0,21,4.266004,21.0
16.0,22,4.285396,16.0
12.0,13,4.296929,12.0
13.0,15,4.310163,13.0
21.0,21,4.328728,21.0
27.0,38,4.362026,27.0
25.0,27,4.385634,25.0
9.0,11,4.395329,9.0
10.0,11,4.404999,10.0
19.0,19,4.421693,19.0
9.0,11,4.43138,9.0
24.0,24,4.452295,24.0
30.0,30,4.478443,30.0
27.0,27,4.501904,27.0
19.0,19,4.518491,19.0
22.0,22,4.53774,22.0
30.0,30,4.563843,30.0
38.0,38,4.596929,38.0
24.0,24,4.617821,24.0
9.0,10,4.626658,9.0
44.0,44,4.664892,44.0
34.0,53,4.71085,34.0
24.0,24,4.731785,24.0
16.0,16,4.74573,16.0
21.0,21,4.763956,21.0
17.0,17,4.778772,17.0
25.0,25,4.800546,25.0
10.0,17,4.815413,10.0
11.0,11,4.825195,11.0
14.0,18,4.841397,14.0
10.0,11,4.851201,10.0
51.0,51,4.896031,51.0
14.0,14,4.908396,14.0
12.0,12,4.919043,12.0
23.0,23,4.939317,23.0
8.0,11,4.949071,8.0
16.0,16,4.963133,16.0
26.0,26,4.985859,26.0
10.0,14,4.99813,10.0
20.0,25,5.020192,20.0
12.0,12,5.030885,12.0
18.0,18,5.046793,18.0
31.0,42,5.083429,31.0
17.0,17,5.098275,17.0
16.0,16,5.112283,16.0
13.0,14,5.124676,13.0
18.0,18,5.14044,18.0
13.0,17,5.155346,13.0
9.0,10,5.164146,9.0
40.0,40,5.199049,40.0
18.0,18,5.214808,18.0
17.0,17,5.229748,17.0
60.0,60,5.281993,60.0
12.0,12,5.292559,12.0
35.0,35,5.751061,35.0
19.0,19,5.767914,19.0
48.0,48,5.810309,48.0
11.0,12,5.820975,11.0
18.0,18,5.836757,18.0
40.0,40,5.872005,40.0
27.0,27,5.895786,27.0
15.0,15,5.908935,15.0
10.0,12,5.919533,10.0
34.0,34,5.949283,34.0
15.0,21,5.967606,15.0
23.0,23,5.98778,23.0
14.0,14,6.000067,14.0
41.0,41,6.035919,41.0
10.0,10,6.044746,10.0
23.0,23,6.064839,23.0
39.0,39,6.099718,39.0
21.0,21,6.118757,21.0
23.0,23,6.139647,23.0
10.0,10,6.148781,10.0
30.0,30,6.176141,30.0
18.0,18,6.192307,18.0
12.0,15,6.205903,12.0
29.0,29,6.231835,29.0
8.0,9,6.239866,8.0
40.0,74,6.305191,40.0
44.0,44,6.343912,44.0
53.0,53,6.390552,53.0
32.0,32,6.418814,32.0
8.0,9,6.426929,8.0
59.0,59,6.479017,59.0
15.0,15,6.492553,15.0
54.0,54,6.540531,54.0
11.0,11,6.550278,11.0
12.0,12,6.560923,12.0
22.0,22,6.580344,22.0
44.0,44,6.619559,44.0
26.0,26,6.642501,26.0
24.0,24,6.663643,24.0
16.0,28,6.688489,16.0
56.0,56,6.737877,56.0
39.0,39,6.772256,39.0
14.0,14,6.784625,14.0
14.0,21,6.80315,14.0
16.0,16,6.817309,16.0
28.0,28,6.842085,28.0
12.0,12,6.852726,12.0
20.0,20,6.870544,20.0
14.0,14,6.88318,14.0
75.0,75,6.94932,75.0
19.0,19,6.966066,19.0
30.0,33,6.995165,30.0
28.0,28,7.019862,28.0
48.0,48,7.062178,48.0
17.0,18,7.078069,17.0
17.0,19,7.09484,17.0
27.0,27,7.118726,27.0
19.0,19,7.135542,19.0
19.0,19,7.152349,19.0
29.0,29,7.177912,29.0
9.0,13,7.189255,9.0
30.0,54,7.236238,30.0
13.0,22,7.255341,13.0
31.0,31,7.282235,31.0
44.0,44,7.32044,44.0
15.0,17,7.335311,15.0
10.0,16,7.349234,10.0
13.0,13,7.360607,13.0
14.0,14,7.37282,14.0
9.0,9,7.380736,9.0
21.0,23,7.400726,21.0
11.0,19,7.417454,11.0
8.0,8,7.424659,8.0
17.0,17,7.439577,17.0
25.0,31,7.466474,25.0
13.0,13,7.477856,13.0
36.0,36,7.509326,36.0
21.0,21,7.527793,21.0
26.0,26,7.968786,26.0
23.0,27,7.992261,23.0
24.0,24,8.013096,24.0
19.0,19,8.029747,19.0
40.0,40,8.064562,40.0
30.0,34,8.094054,30.0
14.0,14,8.106272,14.0
11.0,18,8.12196,11.0
31.0,37,8.154091,31.0
19.0,19,8.170644,19.0
49.0,49,8.213467,49.0
7.0,11,8.223436,7.0
81.0,81,8.293696,81.0
15.0,19,8.310202,15.0
27.0,27,8.333679,27.0
68.0,68,8.39271,68.0
19.0,19,8.409382,19.0
27.0,27,8.432996,27.0
44.0,44,8.471229,44.0
15.0,15,8.484343,15.0
16.0,16,8.498283,16.0
17.0,17,8.513065,17.0
12.0,12,8.523541,12.0
51.0,51,8.567789,51.0
32.0,42,8.604189,32.0
26.0,26,8.626852,26.0
21.0,30,8.652877,21.0
12.0,12,8.66336,12.0
11.0,11,8.672962,11.0
32.0,32,8.700806,32.0
23.0,23,8.720842,23.0
21.0,61,8.773819,21.0
14.0,14,8.786065,14.0
21.0,21,8.804316,21.0
30.0,30,8.83049,30.0
15.0,15,8.843587,15.0
19.0,19,8.860155,19.0
15.0,15,8.873216,15.0
18.0,18,8.888844,18.0
14.0,14,8.901071,14.0
22.0,22,8.920551,22.0
27.0,27,8.944541,27.0
18.0,18,8.960407,18.0
15.0,15,8.973619,15.0
13.0,16,8.987682,13.0
15.0,15,9.000906,15.0
15.0,15,9.014134,15.0
13.0,19,9.03107,13.0
10.0,12,9.041694,10.0
11.0,11,9.051375,11.0
26.0,26,9.074044,26.0
40.0,40,9.108951,40.0
57.0,57,9.158805,57.0
25.0,25,9.18066,25.0
11.0,14,9.192945,11.0
25.0,25,9.214811,25.0
22.0,22,9.233991,22.0
9.0,9,9.241854,9.0
60.0,73,9.305084,60.0
13.0,13,9.316481,13.0
17.0,22,9.335672,17.0
32.0,32,9.363492,32.0
45.0,70,9.424233,45.0
100.0,100,9.511125,100.0
16.0,16,9.525135,16.0
25.0,51,9.569382,25.0
34.0,34,9.598809,34.0
33.0,33,9.627398,33.0
17.0,17,9.642177,17.0
19.0,19,9.65873,19.0
24.0,24,9.679595,24.0
8.0,19,9.696051,8.0
19.0,31,9.722947,19.0
35.0,35,10.171128,35.0
17.0,17,10.18601,17.0
122.0,122,10.29518,122.0
24.0,26,10.317888,24.0
7.0,9,10.32586,7.0
12.0,26,10.34871,12.0
31.0,31,10.375744,31.0
13.0,13,10.387094,13.0
15.0,15,10.400246,15.0
41.0,41,10.436079,41.0
30.0,30,10.462125,30.0
23.0,23,10.482102,23.0
26.0,34,10.511573,26.0
25.0,25,10.53336,25.0
46.0,46,10.573489,46.0
29.0,29,10.598757,29.0
22.0,22,10.618029,22.0
74.0,74,10.682284,74.0
31.0,31,10.70923,31.0
27.0,27,10.732721,27.0
45.0,49,10.775287,45.0
73.0,87,10.850868,73.0
30.0,30,10.877069,30.0
37.0,40,10.912012,37.0
18.0,18,10.927796,18.0
22.0,22,10.94708,22.0
15.0,19,10.9639,15.0
18.0,18,10.97986,18.0
37.0,37,11.014511,37.0
41.0,44,11.053417,41.0
27.0,27,11.077404,27.0
42.0,44,11.116124,42.0
31.0,51,11.160824,31.0
14.0,14,11.173157,14.0
34.0,34,11.202871,34.0
26.0,26,11.225507,26.0
35.0,35,11.255954,35.0
60.0,60,11.307983,60.0
18.0,18,11.323668,18.0
22.0,22,11.342893,22.0
48.0,48,11.384757,48.0
17.0,17,11.399577,17.0
23.0,23,11.419878,23.0
65.0,65,11.476435,65.0
10.0,16,11.490522,10.0
26.0,26,11.513623,26.0
30.0,35,11.544397,30.0
48.0,48,11.586593,48.0
20.0,20,11.604076,20.0
15.0,15,11.617212,15.0
13.0,13,11.628623,13.0
40.0,40,11.663831,40.0
23.0,23,11.684073,23.0
32.0,32,11.712095,32.0
13.0,13,11.723504,13.0
34.0,45,11.762809,34.0
18.0,18,11.77849,18.0
29.0,44,11.816942,29.0
37.0,72,11.87964,37.0
42.0,48,11.921376,42.0
24.0,24,11.94238,24.0
93.0,101,12.450747,93.0
28.0,28,12.475046,28.0
42.0,42,12.511762,42.0
31.0,31,12.538866,31.0
16.0,16,12.55286,16.0
33.0,39,12.586727,33.0
9.0,9,12.594621,9.0
17.0,17,12.609398,17.0
40.0,40,12.644068,40.0
34.0,55,12.691879,34.0
8.0,12,12.702311,8.0
82.0,146,12.828699,82.0
35.0,55,12.876348,35.0
24.0,24,12.897223,24.0
34.0,34,12.92671,34.0
23.0,23,12.946712,23.0
29.0,29,12.971868,29.0
16.0,16,12.985942,16.0
18.0,18,13.001843,18.0
23.0,23,13.022658,23.0
27.0,27,13.046471,27.0
58.0,58,13.097382,58.0
22.0,22,13.116683,22.0
18.0,20,13.134306,18.0
15.0,15,13.147532,15.0
95.0,98,13.233396,95.0
22.0,22,13.252512,22.0
34.0,34,13.28228,34.0
31.0,31,13.309268,31.0
37.0,37,13.341586,37.0
20.0,20,13.359098,20.0
28.0,28,13.383495,28.0
17.0,17,13.398339,17.0
19.0,19,13.414874,19.0
14.0,14,13.427122,14.0
32.0,32,13.454974,32.0
24.0,24,13.475795,24.0
13.0,13,13.487138,13.0
24.0,24,13.507916,24.0
41.0,41,13.543439,41.0
9.0,16,13.557502,9.0
74.0,79,13.625955,74.0
14.0,14,13.638184,14.0
24.0,24,13.659156,24.0
52.0,52,13.704417,52.0
22.0,22,13.723526,22.0
49.0,49,13.76602,49.0
35.0,35,13.796292,35.0
61.0,74,13.860832,61.0
27.0,27,13.884223,27.0
33.0,33,13.912865,33.0
58.0,58,13.963245,58.0
29.0,29,13.988399,29.0
56.0,56,14.036959,56.0
32.0,32,14.064877,32.0
22.0,22,14.083952,22.0
19.0,30,14.109915,19.0
50.0,50,14.153483,50.0
29.0,29,14.59818,29.0
25.0,25,14.619962,25.0
37.0,37,14.652123,37.0
85.0,88,14.728323,85.0
9.0,14,14.740662,9.0
19.0,19,14.757229,19.0
31.0,31,14.784137,31.0
37.0,37,14.816267,37.0
22.0,29,14.841448,22.0
23.0,30,14.86756,23.0
28.0,28,14.891847,28.0
71.0,71,14.953464,71.0
19.0,19,14.970008,19.0
61.0,61,15.023141,61.0
85.0,85,15.097991,85.0
20.0,21,15.116593,20.0
51.0,51,15.161398,51.0
18.0,18,15.177195,18.0
21.0,21,15.195565,21.0
37.0,37,15.227807,37.0
24.0,24,15.24877,24.0
28.0,28,15.273068,28.0
18.0,18,15.288778,18.0
25.0,25,15.310501,25.0
41.0,57,15.360132,41.0
60.0,60,15.412336,60.0
45.0,45,15.451788,45.0
31.0,31,15.478818,31.0
45.0,45,15.51783,45.0
24.0,24,15.538746,24.0
21.0,21,15.556998,21.0
12.0,12,15.567436,12.0
56.0,56,15.615896,56.0
30.0,30,15.642007,30.0
27.0,33,15.670791,27.0
39.0,39,15.704703,39.0
24.0,24,15.725496,24.0
45.0,45,15.764612,45.0
31.0,31,15.791445,31.0
31.0,69,15.851122,31.0
21.0,21,15.86932,21.0
13.0,13,15.880623,13.0
22.0,22,15.899704,22.0
32.0,32,15.927485,32.0
39.0,39,15.961532,39.0
16.0,16,15.975486,16.0
100.0,100,16.062085,100.0
24.0,24,16.082859,24.0
26.0,26,16.105427,26.0
72.0,72,16.167965,72.0
47.0,47,16.208826,47.0
40.0,43,16.246598,40.0
13.0,16,16.260519,13.0
20.0,20,16.277889,20.0
61.0,61,16.330717,61.0
17.0,17,16.345561,17.0
71.0,77,16.835774,71.0
91.0,98,16.920827,91.0
31.0,46,16.960801,31.0
83.0,86,17.035852,83.0
104.0,104,17.12754,104.0
32.0,37,17.16017,32.0
12.0,12,17.17084,12.0
38.0,38,17.204273,38.0
50.0,50,17.24827,50.0
55.0,55,17.296444,55.0
18.0,18,17.312222,18.0
33.0,33,17.341059,33.0
81.0,81,17.411881,81.0
47.0,90,17.490393,47.0
43.0,45,17.5304,43.0
41.0,41,17.566256,41.0
24.0,28,17.59071,24.0
27.0,27,17.61417,27.0
27.0,27,17.637924,27.0
52.0,74,17.702488,52.0
29.0,29,17.727806,29.0
25.0,25,17.749679,25.0
64.0,64,17.805156,64.0
50.0,50,17.849067,50.0
44.0,44,17.887225,44.0
46.0,46,17.927042,46.0
30.0,37,17.959272,30.0
14.0,16,17.973254,14.0
33.0,33,18.001886,33.0
32.0,35,18.032258,32.0
37.0,59,18.083477,37.0
34.0,34,18.113064,34.0
16.0,16,18.126967,16.0
40.0,40,18.161799,40.0
22.0,22,18.180983,22.0
100.0,100,18.267912,100.0
19.0,19,18.284441,19.0
44.0,44,18.322521,44.0
40.0,40,18.357201,40.0
48.0,48,18.398839,48.0
33.0,35,18.429212,33.0
30.0,30,18.455278,30.0
43.0,53,18.501101,43.0
22.0,22,18.520153,22.0
30.0,30,18.546343,30.0
22.0,22,18.565515,22.0
35.0,35,19.0158,35.0
22.0,22,19.035142,22.0
44.0,44,19.073321,44.0
38.0,51,19.117705,38.0
27.0,27,19.141853,27.0
27.0,27,19.165835,27.0
21.0,21,19.184321,21.0
33.0,33,19.213356,33.0
45.0,45,19.252918,45.0
27.0,35,19.283657,27.0
89.0,89,19.36128,89.0
23.0,23,19.381344,23.0
51.0,51,19.426089,51.0
31.0,31,19.453297,31.0
21.0,21,19.47167,21.0
33.0,33,19.500678,33.0
75.0,75,19.566001,75.0
40.0,40,19.600684,40.0
34.0,34,19.630236,34.0
38.0,42,19.666793,38.0
63.0,63,19.721602,63.0
35.0,35,19.752101,35.0
35.0,35,19.782434,35.0
50.0,50,19.825871,50.0
13.0,20,19.843313,13.0
62.0,65,19.899638,62.0
41.0,41,19.935291,41.0
32.0,32,19.963116,32.0
32.0,32,19.991061,32.0
32.0,56,20.039715,32.0
28.0,77,20.106579,28.0
64.0,64,20.162148,64.0
114.0,122,20.26841,114.0
49.0,49,20.310953,49.0
33.0,33,20.339576,33.0
29.0,31,20.366513,29.0
14.0,14,20.378704,14.0
58.0,58,20.429033,58.0
26.0,26,20.451662,26.0
58.0,66,20.508828,58.0
31.0,31,20.535838,31.0
30.0,64,20.591373,30.0
44.0,44,20.629465,44.0
26.0,26,20.652087,26.0
15.0,15,20.665221,15.0
37.0,92,20.744916,37.0
27.0,27,20.76839,27.0
34.0,34,21.219477,34.0
28.0,28,21.244232,28.0
30.0,98,21.330419,30.0
16.0,16,21.344589,16.0
31.0,31,21.371899,31.0
28.0,77,21.439343,28.0
33.0,35,21.469799,33.0
38.0,38,21.504149,38.0
26.0,34,21.53434,26.0
50.0,50,21.578389,50.0
36.0,36,21.610059,36.0
42.0,42,21.647136,42.0
48.0,48,21.689264,48.0
62.0,62,21.743563,62.0
53.0,70,21.804381,53.0
104.0,104,21.896052,104.0
52.0,52,21.941223,52.0
59.0,59,21.992319,59.0
32.0,35,22.022621,32.0
18.0,24,22.043628,18.0
26.0,26,22.066176,26.0
86.0,86,22.140906,86.0
26.0,27,22.164357,26.0
63.0,63,22.219169,63.0
24.0,24,22.24005,24.0
21.0,21,22.258325,21.0
35.0,35,22.288644,35.0
45.0,49,22.33111,45.0
34.0,34,22.360869,34.0
19.0,19,22.377393,19.0
39.0,39,22.411229,39.0
50.0,50,22.454777,50.0
66.0,66,22.512618,66.0
37.0,37,22.544994,37.0
28.0,28,22.569462,28.0
29.0,29,22.594731,29.0
51.0,55,22.642689,51.0
49.0,49,22.685266,49.0
13.0,13,22.696621,13.0
85.0,85,22.77023,85.0
38.0,38,22.803212,38.0
45.0,51,22.8475,45.0
46.0,87,22.922978,46.0
139.0,200,23.524002,139.0
30.0,30,23.550655,30.0
47.0,47,23.591451,47.0
49.0,49,23.634048,49.0
75.0,119,23.740215,75.0
29.0,45,23.77995,29.0
41.0,122,23.887085,41.0
80.0,80,23.956736,80.0
89.0,89,24.034029,89.0
21.0,21,24.052424,21.0
32.0,32,24.080216,32.0
16.0,16,24.094105,16.0
91.0,91,24.173293,91.0
65.0,65,24.230208,65.0
64.0,70,24.291784,64.0
31.0,61,24.345158,31.0
47.0,47,24.386225,47.0
33.0,33,24.414916,33.0
71.0,71,24.477074,71.0
96.0,96,24.560607,96.0
37.0,37,24.592814,37.0
54.0,148,24.721714,54.0
24.0,24,24.742585,24.0
34.0,34,24.772077,34.0
66.0,66,24.829257,66.0
35.0,39,24.863162,35.0
63.0,63,24.917787,63.0
36.0,36,24.949071,36.0
118.0,118,25.051766,118.0
29.0,29,25.077056,29.0
76.0,88,25.153448,76.0
24.0,60,25.632374,24.0
83.0,92,25.712583,83.0
57.0,114,25.811664,57.0
109.0,109,25.90698,109.0
64.0,171,26.055727,64.0
159.0,179,26.211166,159.0
28.0,28,26.235604,28.0
45.0,76,26.301594,45.0
40.0,94,26.383248,40.0
103.0,103,26.472959,103.0
80.0,95,26.557078,80.0
32.0,32,26.585225,32.0
41.0,58,26.636399,41.0
25.0,25,26.658423,25.0
45.0,45,26.697854,45.0
34.0,34,26.727512,34.0
67.0,84,26.800464,67.0
52.0,140,26.921989,52.0
80.0,88,26.998485,80.0
101.0,101,27.086057,101.0
21.0,21,27.104316,21.0
39.0,39,27.138292,39.0
34.0,34,27.167835,34.0
71.0,112,27.26524,71.0
27.0,27,27.288873,27.0
107.0,128,27.401854,107.0
66.0,127,27.937542,66.0
68.0,76,28.003513,68.0
36.0,53,28.049712,36.0
61.0,73,28.113008,61.0
15.0,15,28.126047,15.0
107.0,115,28.226453,107.0
76.0,76,28.292546,76.0
78.0,78,28.360393,78.0
60.0,115,28.460143,60.0
98.0,101,28.547658,98.0
82.0,82,28.618705,82.0
82.0,82,28.689941,82.0
70.0,70,28.750681,70.0
35.0,40,28.785712,35.0
71.0,107,28.879154,71.0
67.0,67,28.93735,67.0
33.0,144,29.063294,33.0
27.0,188,29.226326,27.0
190.0,196,29.397228,190.0
104.0,111,29.49484,104.0
88.0,98,29.580547,88.0
30.0,30,29.606628,30.0
74.0,80,30.098237,74.0
177.0,177,30.252053,177.0
66.0,68,30.310933,66.0
116.0,125,30.419412,116.0
42.0,42,30.456036,42.0
126.0,183,30.615287,126.0
47.0,82,30.68636,47.0
21.0,21,30.704889,21.0
67.0,67,30.763038,67.0
80.0,113,30.861077,80.0
39.0,39,30.894917,39.0
66.0,160,31.033737,66.0
59.0,59,31.085156,59.0
100.0,100,31.171964,100.0
73.0,101,31.259636,73.0
53.0,142,31.382954,53.0
29.0,29,31.408643,29.0
34.0,34,31.438826,34.0
85.0,85,31.514048,85.0
65.0,71,31.576511,65.0
56.0,56,31.625787,56.0
92.0,92,31.706907,92.0
37.0,193,32.299785,37.0
44.0,44,32.338004,44.0
44.0,53,32.384076,44.0
25.0,25,32.405827,25.0
59.0,89,32.483061,59.0
41.0,41,32.519069,41.0
24.0,24,32.540057,24.0
63.0,63,32.594901,63.0
94.0,100,32.681766,94.0
43.0,128,32.792776,43.0
34.0,34,32.822348,34.0
45.0,90,32.900314,45.0
107.0,107,32.993145,107.0
60.0,60,33.045564,60.0
41.0,41,33.081059,41.0
24.0,24,33.101888,24.0
48.0,48,33.143848,48.0
64.0,64,33.199536,64.0
31.0,31,33.226418,31.0
31.0,31,33.253359,31.0
24.0,24,33.274248,24.0
40.0,40,33.308984,40.0
71.0,71,33.370561,71.0
43.0,43,33.407811,43.0
14.0,14,33.420017,14.0
129.0,164,33.56443,129.0
46.0,119,33.668141,46.0
89.0,119,33.772016,89.0
87.0,87,33.847796,87.0
61.0,61,33.90072,61.0
52.0,52,33.945832,52.0
57.0,76,34.011809,57.0
73.0,78,34.503805,73.0
21.0,21,34.522078,21.0
18.0,18,34.537701,18.0
45.0,45,34.57679,45.0
136.0,136,34.694704,136.0
90.0,96,34.777721,90.0
79.0,87,34.85308,79.0
114.0,114,34.951896,114.0
47.0,47,34.992946,47.0
25.0,30,35.019006,25.0
29.0,49,35.061474,29.0
54.0,54,35.108296,54.0
46.0,46,35.148214,46.0
84.0,95,35.230683,84.0
80.0,86,35.305226,80.0
98.0,142,35.428638,98.0
34.0,34,35.458245,34.0
31.0,31,35.485393,31.0
38.0,38,35.518984,38.0
70.0,81,35.590039,70.0
63.0,68,35.649767,63.0
75.0,122,35.756377,75.0
78.0,78,35.826956,78.0
38.0,52,35.873512,38.0
85.0,94,35.956667,85.0
78.0,85,36.031631,78.0
47.0,58,36.082863,47.0
90.0,129,36.196923,90.0
87.0,104,36.715998,87.0
30.0,30,36.742177,30.0
55.0,55,36.79028,55.0
64.0,122,36.896882,64.0
73.0,73,36.960794,73.0
96.0,96,37.045293,96.0
115.0,115,37.145897,115.0
77.0,87,37.222178,77.0
47.0,200,37.396764,47.0
40.0,40,37.432109,40.0
40.0,40,37.467114,40.0
113.0,165,37.612286,113.0
31.0,47,37.653756,31.0
33.0,33,37.682753,33.0
41.0,130,37.797036,41.0
44.0,44,37.835914,44.0
21.0,21,37.854419,21.0
79.0,180,38.011445,79.0
87.0,103,38.101188,87.0
106.0,129,38.213632,106.0
51.0,63,38.268812,51.0
50.0,50,38.312318,50.0
75.0,148,38.441231,75.0
41.0,54,38.911774,41.0
84.0,93,38.992623,84.0
68.0,73,39.056281,68.0
200.0,200,39.230083,200.0
61.0,162,39.37098,61.0
40.0,53,39.417067,40.0
27.0,42,39.453606,27.0
63.0,182,39.612438,63.0
56.0,56,39.661704,56.0
40.0,167,39.807522,40.0
15.0,23,39.827654,15.0
110.0,189,39.992142,110.0
48.0,48,40.033769,48.0
78.0,86,40.108528,78.0
76.0,176,40.261535,76.0
62.0,68,40.320526,62.0
39.0,121,40.425485,39.0
41.0,41,40.46115,41.0
87.0,95,40.543525,87.0
30.0,162,41.106467,30.0
80.0,200,41.280478,80.0
73.0,79,41.349397,73.0
49.0,49,41.392014,49.0
46.0,118,41.495075,46.0
83.0,95,41.578634,83.0
101.0,110,41.675786,101.0
70.0,80,41.74633,70.0
43.0,43,41.784245,43.0
84.0,90,41.863916,84.0
28.0,28,41.888639,28.0
47.0,114,41.98909,47.0
58.0,130,42.103765,58.0
55.0,64,42.160171,55.0
46.0,123,42.2679,46.0
53.0,53,42.31389,53.0
18.0,18,42.329607,18.0
85.0,92,42.409401,85.0
99.0,99,42.495481,99.0
78.0,78,42.563809,78.0
80.0,91,42.643394,80.0
23.0,23,42.663439,23.0
98.0,112,42.76062,98.0
33.0,61,42.813613,33.0
96.0,96,43.32211,96.0
55.0,163,43.463988,55.0
143.0,180,43.619971,143.0
52.0,134,43.737888,52.0
74.0,200,43.912998,74.0
68.0,76,43.979559,68.0
129.0,130,44.092779,129.0
37.0,37,44.124996,37.0
55.0,125,44.234298,55.0
72.0,78,44.302161,72.0
74.0,81,44.372692,74.0
126.0,135,44.490116,126.0
50.0,200,44.663936,50.0
36.0,123,44.771083,36.0
54.0,63,44.825829,54.0
37.0,37,44.858008,37.0
43.0,56,44.906707,43.0
40.0,40,44.941476,40.0
92.0,200,45.537504,92.0
29.0,85,45.611545,29.0
37.0,200,45.786747,37.0
73.0,152,45.920586,73.0
29.0,148,46.049647,29.0
74.0,81,46.120345,74.0
81.0,81,46.190608,81.0
42.0,140,46.312414,42.0
31.0,31,46.339344,31.0
32.0,115,46.439197,32.0
67.0,185,46.601809,67.0
35.0,35,46.63291,35.0
111.0,114,46.732892,111.0
49.0,49,46.775681,49.0
70.0,78,46.843501,70.0
37.0,175,46.99602,37.0
37.0,39,47.03008,37.0
61.0,61,47.08314,61.0
94.0,108,47.177061,94.0
62.0,165,47.744175,62.0
81.0,84,47.818393,81.0
82.0,89,47.896685,82.0
59.0,200,48.071649,59.0
93.0,150,48.202862,93.0
68.0,68,48.262861,68.0
73.0,161,48.403172,73.0
124.0,148,48.532194,124.0
123.0,142,48.655383,123.0
98.0,98,48.740459,98.0
36.0,36,48.771647,36.0
72.0,82,48.842747,72.0
55.0,157,48.978961,55.0
87.0,94,49.060688,87.0
68.0,73,49.124009,68.0
199.0,200,49.297891,199.0
56.0,130,49.411129,56.0
52.0,61,49.464196,52.0
24.0,56,49.512986,24.0
47.0,80,50.011167,47.0
67.0,109,50.106259,67.0
50.0,61,50.159493,50.0
46.0,54,50.206576,46.0
103.0,110,50.302438,103.0
100.0,109,50.397448,100.0
94.0,132,50.51247,94.0
114.0,119,50.615935,114.0
42.0,200,50.789927,42.0
27.0,74,50.854367,27.0
36.0,200,51.027873,36.0
61.0,170,51.175661,61.0
51.0,117,51.277057,51.0
29.0,200,51.450684,29.0
39.0,200,51.626139,39.0
145.0,176,52.207108,145.0
56.0,142,52.332002,56.0
81.0,81,52.402507,81.0
90.0,199,52.576569,90.0
71.0,160,52.715739,71.0
161.0,161,52.855791,161.0
133.0,144,52.980731,133.0
95.0,100,53.067719,95.0
33.0,63,53.12253,33.0
81.0,91,53.201491,81.0
26.0,26,53.224199,26.0
27.0,200,53.39758,27.0
69.0,200,53.571285,69.0
40.0,128,53.683057,40.0
27.0,27,53.706886,27.0
40.0,200,53.882334,40.0
83.0,173,54.458271,83.0
73.0,73,54.521847,73.0
42.0,183,54.680481,42.0
64.0,72,54.743026,64.0
69.0,69,54.802841,69.0
90.0,96,54.886148,90.0
45.0,143,55.010293,45.0
120.0,120,55.114503,120.0
52.0,200,55.288129,52.0
58.0,200,55.462082,58.0
93.0,200,55.635918,93.0
62.0,131,55.749951,62.0
87.0,143,55.873743,87.0
62.0,200,56.049285,62.0
79.0,95,56.133103,79.0
173.0,173,56.711643,173.0
107.0,114,56.811032,107.0
74.0,200,56.985488,74.0
47.0,86,57.06164,47.0
113.0,124,57.169873,113.0
78.0,87,57.245846,78.0
69.0,79,57.314756,69.0
76.0,175,57.467539,76.0
15.0,16,57.481643,15.0
106.0,200,57.656815,106.0
110.0,123,57.764622,110.0
114.0,114,57.86411,114.0
37.0,69,57.924374,37.0
76.0,77,57.992149,76.0
93.0,100,58.080254,93.0
69.0,82,58.152345,69.0
89.0,102,58.24235,89.0
72.0,80,58.312331,72.0
59.0,59,58.36349,59.0
79.0,87,58.864518,79.0
52.0,52,58.909803,52.0
23.0,130,59.022956,23.0
106.0,112,59.120329,106.0
121.0,155,59.255186,121.0
85.0,85,59.329033,85.0
33.0,39,59.362898,33.0
33.0,33,59.391632,33.0
101.0,131,59.505582,101.0
92.0,200,59.679121,92.0
40.0,163,59.821257,40.0
43.0,150,59.951406,43.0
51.0,51,59.996607,51.0
71.0,82,60.069096,71.0
136.0,197,60.242507,136.0
41.0,148,60.371253,41.0
70.0,172,60.520927,70.0
79.0,79,61.014413,79.0
95.0,95,61.097011,95.0
103.0,117,61.198533,103.0
73.0,94,61.280056,73.0
85.0,200,61.453546,85.0
112.0,200,61.62829,112.0
53.0,181,61.785896,53.0
68.0,138,61.906294,68.0
85.0,148,62.034544,85.0
55.0,156,62.171614,55.0
50.0,50,62.215501,50.0
33.0,96,62.299691,33.0
200.0,200,62.474011,200.0
131.0,200,62.649388,131.0
175.0,200,63.249166,175.0
74.0,77,63.316327,74.0
118.0,191,63.481927,118.0
39.0,39,63.515782,39.0
163.0,200,63.689105,163.0
178.0,200,63.862969,178.0
63.0,200,64.036561,63.0
45.0,45,64.076055,45.0
41.0,127,64.188416,41.0
90.0,200,64.364649,90.0
37.0,200,64.538631,37.0
89.0,89,64.616018,89.0
67.0,67,64.673973,67.0
68.0,133,64.78938,68.0
91.0,196,64.958966,91.0
96.0,184,65.542076,96.0
125.0,195,65.711717,125.0
151.0,160,65.851181,151.0
70.0,180,66.007784,70.0
39.0,200,66.182567,39.0
53.0,200,66.357522,53.0
75.0,200,66.532695,75.0
72.0,200,66.709357,72.0
128.0,200,66.884219,128.0
70.0,122,66.990741,70.0
78.0,78,67.058642,78.0
104.0,111,67.155009,104.0
125.0,200,67.750049,125.0
28.0,200,67.924078,28.0
47.0,118,68.026755,47.0
38.0,153,68.159657,38.0
62.0,200,68.335485,62.0
40.0,200,68.51017,40.0
82.0,90,68.588686,82.0
94.0,94,68.670056,94.0
78.0,92,68.74972,78.0
32.0,32,68.777454,32.0
200.0,200,68.95087,200.0
101.0,200,69.124464,101.0
52.0,52,69.169504,52.0
55.0,55,69.217322,55.0
71.0,71,69.278758,71.0
92.0,117,69.380093,92.0
71.0,80,69.874688,71.0
98.0,200,70.04805,98.0
108.0,200,70.22514,108.0
130.0,143,70.351434,130.0
133.0,145,70.478093,133.0
119.0,200,70.652049,119.0
53.0,200,70.825851,53.0
118.0,125,70.934353,118.0
59.0,59,70.985541,59.0
81.0,200,71.159058,81.0
43.0,43,71.196689,43.0
156.0,156,71.33174,156.0
55.0,157,71.467879,55.0
140.0,200,72.067383,140.0
38.0,38,72.100805,38.0
130.0,193,72.269406,130.0
60.0,200,72.445294,60.0
107.0,200,72.620856,107.0
53.0,99,72.707925,53.0
73.0,79,72.776894,73.0
77.0,92,72.856869,77.0
63.0,200,73.03073,63.0
59.0,107,73.123814,59.0
52.0,168,73.276175,52.0
98.0,104,73.36823,98.0
88.0,98,73.454651,88.0
111.0,200,73.629854,111.0
44.0,200,73.803607,44.0
87.0,200,74.404062,87.0
32.0,90,74.483089,32.0
41.0,161,74.62375,41.0
73.0,83,74.69613,73.0
118.0,196,74.86709,118.0
105.0,112,74.965166,105.0
75.0,83,75.037576,75.0
67.0,200,75.211265,67.0
108.0,200,75.385077,108.0
173.0,173,75.536276,173.0
138.0,200,75.709934,138.0
197.0,200,75.884089,197.0
68.0,76,75.950473,68.0
51.0,188,76.541747,51.0
67.0,72,76.605055,67.0
131.0,200,76.780889,131.0
89.0,96,76.86447,89.0
81.0,123,76.971101,81.0
57.0,200,77.145481,57.0
119.0,140,77.267146,119.0
130.0,197,77.4382,130.0
40.0,200,77.612049,40.0
106.0,155,77.746695,106.0
200.0,200,77.920355,200.0
200.0,200,78.094185,200.0
103.0,115,78.194057,103.0
70.0,82,78.693336,70.0
31.0,31,78.720863,31.0
80.0,80,78.790732,80.0
182.0,200,78.965119,182.0
115.0,200,79.139352,115.0
106.0,118,79.242271,106.0
90.0,100,79.329084,90.0
80.0,146,79.456252,80.0
77.0,200,79.63009,77.0
77.0,200,79.804732,77.0
61.0,66,79.862385,61.0
85.0,98,79.947505,85.0
114.0,120,80.051826,114.0
76.0,200,80.225728,76.0
48.0,91,80.305023,48.0
44.0,200,80.904152,44.0
36.0,36,80.935925,36.0
25.0,43,80.973128,25.0
121.0,129,81.085565,121.0
54.0,60,81.137876,54.0
29.0,154,81.271745,29.0
32.0,70,81.332442,32.0
89.0,200,81.507174,89.0
72.0,200,81.682037,72.0
126.0,200,81.857385,126.0
139.0,153,81.990628,139.0
73.0,175,82.143057,73.0
163.0,200,82.317215,163.0
51.0,200,82.491437,51.0
41.0,200,82.667078,41.0
85.0,92,83.171399,85.0
62.0,200,83.344914,62.0
143.0,149,83.474631,143.0
150.0,162,83.615282,150.0
108.0,117,83.716558,108.0
88.0,112,83.81414,88.0
72.0,79,83.882697,72.0
68.0,122,83.988439,68.0
200.0,200,84.16217,200.0
78.0,84,84.23542,78.0
53.0,196,84.405426,53.0
74.0,200,84.579876,74.0
89.0,96,84.664509,89.0
48.0,200,84.838623,48.0
86.0,200,85.437337,86.0
27.0,200,85.611148,27.0
100.0,200,85.785043,100.0
104.0,120,85.889509,104.0
139.0,148,86.017892,139.0
77.0,200,86.191698,77.0
138.0,200,86.365495,138.0
117.0,132,86.480229,117.0
64.0,200,86.656729,64.0
200.0,200,86.83281,200.0
31.0,200,87.007598,31.0
128.0,139,87.558126,128.0
101.0,110,87.653121,101.0
92.0,200,87.825792,92.0
163.0,200,87.998537,163.0
163.0,175,88.150114,163.0
181.0,200,88.322677,181.0
28.0,84,88.395433,28.0
52.0,159,88.532365,52.0
88.0,97,88.615973,88.0
58.0,180,88.772991,58.0
76.0,83,88.845262,76.0
65.0,71,88.906659,65.0
102.0,200,89.079286,102.0
74.0,82,89.150084,74.0
92.0,108,89.242991,92.0
81.0,99,89.746037,81.0
65.0,173,89.894815,65.0
77.0,84,89.966847,77.0
24.0,200,90.138689,24.0
124.0,134,90.254384,124.0
77.0,86,90.328259,77.0
130.0,139,90.448189,130.0
89.0,93,90.528184,89.0
114.0,200,90.706661,114.0
30.0,100,90.794772,30.0
108.0,126,90.905204,108.0
70.0,77,90.972526,70.0
63.0,67,91.03109,63.0
79.0,79,91.100079,79.0
142.0,189,91.265229,142.0
66.0,72,91.328395,66.0
112.0,125,91.438076,112.0
87.0,200,92.034988,87.0
25.0,192,92.200397,25.0
89.0,95,92.282717,89.0
111.0,200,92.45453,111.0
76.0,83,92.526297,76.0
34.0,180,92.681181,34.0
31.0,140,92.80337,31.0
170.0,172,92.952019,170.0
92.0,101,93.039661,92.0
69.0,195,93.208219,69.0
74.0,74,93.272301,74.0
34.0,101,93.359869,34.0
54.0,56,93.408324,54.0
200.0,200,93.58097,200.0
146.0,149,94.128297,146.0
91.0,96,94.211047,91.0
96.0,182,94.367654,96.0
133.0,133,94.481932,133.0
140.0,200,94.654019,140.0
89.0,96,94.736895,89.0
69.0,183,94.896284,69.0
36.0,36,94.927328,36.0
66.0,182,95.084435,66.0
81.0,91,95.162778,81.0
61.0,200,95.334992,61.0
58.0,130,95.447423,58.0
200.0,200,95.619737,200.0
31.0,185,95.779886,31.0
44.0,87,95.854728,44.0
103.0,111,96.368787,103.0
137.0,146,96.494747,137.0
92.0,98,96.584646,92.0
34.0,200,96.756974,34.0
110.0,200,96.931744,110.0
91.0,102,97.020789,91.0
108.0,129,97.132704,108.0
77.0,166,97.276262,77.0
103.0,176,97.428264,103.0
64.0,64,97.483312,64.0
101.0,200,97.655732,101.0
63.0,151,97.78593,63.0
70.0,157,97.921107,70.0
55.0,134,98.036199,55.0
84.0,200,98.627848,84.0
32.0,200,98.800091,32.0
71.0,71,98.862638,71.0
44.0,200,99.036314,44.0
108.0,200,99.20952,108.0
83.0,200,99.382633,83.0
149.0,157,99.518195,149.0
85.0,101,99.605127,85.0
54.0,186,99.765337,54.0
57.0,200,99.937016,57.0
141.0,149,100.067465,141.0
79.0,200,100.246442,79.0
27.0,27,100.271052,27.0
105.0,111,100.785158,105.0
77.0,82,100.856163,77.0
86.0,91,100.935644,86.0
120.0,132,101.050347,120.0
83.0,83,101.122776,83.0
52.0,200,101.297214,52.0
177.0,190,101.460984,177.0
27.0,59,101.512229,27.0
89.0,125,101.620338,89.0
72.0,80,101.689082,72.0
176.0,200,101.861547,176.0
97.0,193,102.028773,97.0
67.0,160,102.166595,67.0
71.0,158,102.302662,71.0
92.0,129,102.413669,92.0
79.0,89,102.911659,79.0
47.0,200,103.085858,47.0
76.0,80,103.155507,76.0
98.0,117,103.256744,98.0
77.0,150,103.386747,77.0
42.0,200,103.560154,42.0
87.0,104,103.650402,87.0
133.0,133,103.765446,133.0
145.0,200,103.937994,145.0
50.0,200,104.110116,50.0
58.0,148,104.238035,58.0
31.0,200,104.409709,31.0
41.0,200,104.581801,41.0
116.0,200,105.176185,116.0
64.0,148,105.304048,64.0
68.0,166,105.447031,68.0
65.0,200,105.618625,65.0
83.0,92,105.698064,83.0
85.0,200,105.869962,85.0
44.0,137,105.987438,44.0
79.0,189,106.149473,79.0
37.0,79,106.21706,37.0
33.0,200,106.388212,33.0
200.0,200,106.560831,200.0
88.0,200,106.733472,88.0
86.0,97,106.816737,86.0
45.0,200,107.413362,45.0
64.0,200,107.587173,64.0
71.0,71,107.649084,71.0
95.0,106,107.741417,95.0
31.0,200,107.914396,31.0
112.0,122,108.019645,112.0
53.0,128,108.129676,53.0
36.0,107,108.221915,36.0
95.0,200,108.394021,95.0
158.0,158,108.530446,158.0
125.0,200,108.702264,125.0
139.0,139,108.821783,139.0
43.0,200,108.993486,43.0
104.0,200,109.592373,104.0
51.0,200,109.764942,51.0
82.0,200,109.93735,82.0
103.0,200,110.110033,103.0
31.0,78,110.177426,31.0
130.0,130,110.289335,130.0
86.0,200,110.461199,86.0
200.0,200,110.633212,200.0
60.0,200,110.805213,60.0
156.0,200,110.977082,156.0
87.0,99,111.062528,87.0
85.0,95,111.144996,85.0
119.0,131,111.685172,119.0
65.0,87,111.760533,65.0
84.0,93,111.840934,84.0
149.0,200,112.013578,149.0
89.0,98,112.099014,89.0
106.0,106,112.190449,106.0
74.0,77,112.257622,74.0
31.0,200,112.43098,31.0
35.0,195,112.599751,35.0
38.0,200,112.771912,38.0
98.0,200,112.944262,98.0
89.0,187,113.105692,89.0
134.0,171,113.254937,134.0
30.0,34,113.284554,30.0
82.0,200,113.877811,82.0
15.0,15,113.891162,15.0
54.0,101,113.977775,54.0
118.0,129,114.088552,118.0
134.0,146,114.2138,134.0
198.0,200,114.385711,198.0
90.0,200,114.557721,90.0
59.0,59,114.608596,59.0
127.0,171,114.755812,127.0
154.0,200,114.927577,154.0
66.0,200,115.099594,66.0
181.0,200,115.273663,181.0
124.0,149,115.402952,124.0
122.0,167,115.547802,122.0
99.0,200,116.14868,99.0
68.0,76,116.214163,68.0
44.0,200,116.385796,44.0
111.0,119,116.488184,111.0
200.0,200,116.660653,200.0
74.0,196,116.829032,74.0
159.0,167,116.972278,159.0
65.0,200,117.144387,65.0
76.0,111,117.240645,76.0
55.0,187,117.40344,55.0
93.0,99,117.489139,93.0
79.0,88,117.565023,79.0
127.0,156,117.699019,127.0
38.0,200,118.292355,38.0
125.0,200,118.465047,125.0
89.0,200,118.637474,89.0
59.0,200,118.809776,59.0
38.0,200,118.982108,38.0
74.0,200,119.154617,74.0
137.0,143,119.278419,137.0
94.0,103,119.368488,94.0
53.0,134,119.485383,53.0
53.0,200,119.658842,53.0
138.0,152,119.790066,138.0
157.0,200,119.962064,157.0
61.0,68,120.44242,61.0
96.0,107,120.534506,96.0
64.0,200,120.706907,64.0
88.0,88,120.782825,88.0
81.0,185,120.942076,81.0
87.0,97,121.025501,87.0
127.0,135,121.141636,127.0
61.0,200,121.314037,61.0
66.0,74,121.379256,66.0
125.0,197,121.551695,125.0
69.0,173,121.702855,69.0
88.0,142,121.827479,88.0
89.0,96,121.911249,89.0
89.0,101,121.999478,89.0
76.0,200,122.174207,76.0
63.0,73,122.660767,63.0
45.0,200,122.833027,45.0
137.0,180,122.988499,137.0
27.0,200,123.161884,27.0
200.0,200,123.334691,200.0
85.0,185,123.496574,85.0
79.0,86,123.571578,79.0
102.0,200,123.744733,102.0
47.0,200,123.91757,47.0
79.0,88,123.993814,79.0
56.0,200,124.165743,56.0
124.0,130,124.277929,124.0
152.0,195,124.865233,152.0
169.0,180,125.020047,169.0
60.0,94,125.100872,60.0
59.0,200,125.272666,59.0
134.0,142,125.395467,134.0
139.0,200,125.570586,139.0
84.0,96,125.654885,84.0
132.0,132,125.769617,132.0
75.0,200,125.94278,75.0
121.0,182,126.100087,121.0
111.0,198,126.270597,111.0
81.0,89,126.347152,81.0
84.0,94,126.42803,84.0
69.0,200,127.025648,69.0
57.0,155,127.15961,57.0
100.0,119,127.262223,100.0
153.0,200,127.434679,153.0
36.0,200,127.609843,36.0
33.0,33,127.639094,33.0
40.0,200,127.812953,40.0
42.0,200,127.985264,42.0
174.0,200,128.15751,174.0
64.0,72,128.220081,64.0
52.0,91,128.298402,52.0
66.0,71,128.359333,66.0
69.0,200,128.530833,69.0
49.0,200,128.70289,49.0
75.0,186,129.282178,75.0
90.0,100,129.367971,90.0
55.0,200,129.541063,55.0
110.0,130,129.65432,110.0
92.0,136,129.771688,92.0
117.0,131,129.885217,117.0
128.0,128,129.995518,128.0
32.0,200,130.167609,32.0
200.0,200,130.340983,200.0
184.0,196,130.510635,184.0
76.0,82,130.581058,76.0
49.0,200,130.7527,49.0
38.0,200,130.924778,38.0
102.0,200,131.516895,102.0
31.0,196,131.688473,31.0
32.0,185,131.849689,32.0
94.0,101,131.936886,94.0
106.0,139,132.055962,106.0
60.0,200,132.22811,60.0
61.0,66,132.285176,61.0
46.0,200,132.456625,46.0
105.0,200,132.628862,105.0
102.0,172,132.776879,102.0
44.0,91,132.854912,44.0
76.0,200,133.026743,76.0
79.0,169,133.592004,79.0
137.0,146,133.719061,137.0
142.0,151,133.849588,142.0
166.0,200,134.021823,166.0
95.0,108,134.115196,95.0
32.0,177,134.267476,32.0
151.0,200,134.43928,151.0
121.0,132,134.552962,121.0
41.0,200,134.725077,41.0
176.0,186,134.885254,176.0
99.0,190,135.048374,99.0
137.0,137,135.165985,137.0
102.0,161,135.304415,102.0
133.0,142,135.852311,133.0
37.0,200,136.024031,37.0
101.0,200,136.196296,101.0
169.0,200,136.368592,169.0
72.0,200,136.541742,72.0
115.0,200,136.714047,115.0
158.0,200,136.886278,158.0
123.0,200,137.05891,123.0
73.0,200,137.23094,73.0
176.0,200,137.403413,176.0
58.0,200,138.003087,58.0
83.0,112,138.100593,83.0
84.0,119,138.203075,84.0
93.0,189,138.366236,93.0
140.0,200,138.538594,140.0
138.0,192,138.704153,138.0
57.0,154,138.836406,57.0
90.0,185,138.995297,90.0
31.0,200,139.167263,31.0
141.0,152,139.298339,141.0
106.0,114,139.396487,106.0
79.0,200,139.568935,79.0
45.0,200,140.163131,45.0
63.0,200,140.335077,63.0
87.0,109,140.428752,87.0
161.0,173,140.577203,161.0
43.0,200,140.748556,43.0
83.0,88,140.824219,83.0
33.0,200,140.995788,33.0
78.0,200,141.16774,78.0
163.0,179,141.321523,163.0
49.0,139,141.440859,49.0
79.0,87,141.516787,79.0
177.0,200,141.689385,177.0
139.0,200,141.86449,139.0
159.0,168,142.435005,159.0
64.0,200,142.607156,64.0
38.0,200,142.779253,38.0
82.0,89,142.855898,82.0
65.0,178,143.00856,65.0
78.0,84,143.08054,78.0
175.0,200,143.252244,175.0
125.0,125,143.359754,125.0
26.0,200,143.531418,26.0
99.0,142,143.653398,99.0
37.0,200,143.825753,37.0
75.0,87,143.907175,75.0
87.0,174,144.056823,87.0
94.0,101,144.564022,94.0
82.0,83,144.634697,82.0
37.0,200,144.805073,37.0
44.0,200,144.975886,44.0
58.0,65,145.03166,58.0
85.0,91,145.109284,85.0
88.0,132,145.221911,88.0
71.0,82,145.291888,71.0
117.0,200,145.462589,117.0
128.0,200,145.633337,128.0
133.0,192,145.797368,133.0
122.0,200,145.975338,122.0
50.0,200,146.154022,50.0
184.0,184,146.738922,184.0
145.0,151,146.86761,145.0
79.0,142,146.98848,79.0
123.0,200,147.15887,123.0
67.0,200,147.329704,67.0
67.0,145,147.453654,67.0
137.0,150,147.582135,137.0
120.0,200,147.75255,120.0
149.0,200,147.924582,149.0
110.0,200,148.097958,110.0
121.0,130,148.210021,121.0
73.0,200,148.381678,73.0
103.0,157,148.93634,103.0
136.0,200,149.106644,136.0
30.0,200,149.277564,30.0
116.0,123,149.382681,116.0
185.0,200,149.553037,185.0
93.0,93,149.632526,93.0
61.0,200,149.802819,61.0
78.0,200,149.974727,78.0
128.0,200,150.147846,128.0
34.0,200,150.321031,34.0
64.0,200,150.492298,64.0
64.0,191,151.074213,64.0
57.0,200,151.244737,57.0
70.0,79,151.312383,70.0
186.0,200,151.483343,186.0
103.0,111,151.579769,103.0
83.0,92,151.658478,83.0
70.0,70,151.718349,70.0
95.0,200,151.889254,95.0
67.0,173,152.038872,67.0
49.0,193,152.205758,49.0
24.0,200,152.379391,24.0
68.0,76,152.445077,68.0
80.0,200,152.616043,80.0
89.0,98,152.699669,89.0
49.0,200,153.28882,49.0
132.0,200,153.46011,132.0
31.0,178,153.612185,31.0
116.0,123,153.716916,116.0
158.0,200,153.887487,158.0
39.0,200,154.059354,39.0
153.0,200,154.233095,153.0
37.0,200,154.405695,37.0
66.0,200,154.576521,66.0
105.0,200,154.747458,105.0
86.0,200,154.918059,86.0
53.0,83,155.408695,53.0
163.0,200,155.579258,163.0
200.0,200,155.749697,200.0
35.0,186,155.908509,35.0
110.0,200,156.079265,110.0
200.0,200,156.252061,200.0
68.0,200,156.423678,68.0
134.0,143,156.547078,134.0
96.0,200,156.719637,96.0
96.0,102,156.807643,96.0
40.0,200,156.978694,40.0
145.0,200,157.150158,145.0
66.0,71,157.63108,66.0
198.0,198,157.800337,198.0
75.0,83,157.871676,75.0
70.0,136,157.987758,70.0
196.0,200,158.159795,196.0
136.0,152,158.291622,136.0
131.0,162,158.431273,131.0
37.0,200,158.602189,37.0
121.0,127,158.710971,121.0
74.0,82,158.780608,74.0
97.0,103,158.871434,97.0
35.0,200,159.054072,35.0
114.0,159,159.198825,114.0
106.0,200,159.794066,106.0
92.0,98,159.878036,92.0
57.0,199,160.047613,57.0
49.0,74,160.110867,49.0
88.0,200,160.284029,88.0
126.0,144,160.408849,126.0
145.0,156,160.543504,145.0
60.0,200,160.715981,60.0
94.0,106,160.807235,94.0
133.0,200,160.978393,133.0
68.0,200,161.149979,68.0
30.0,75,161.214447,30.0
150.0,200,161.385623,150.0
56.0,200,161.981039,56.0
154.0,200,162.153214,154.0
115.0,124,162.261491,115.0
161.0,200,162.43467,161.0
113.0,126,162.543765,113.0
89.0,200,162.716913,89.0
54.0,200,162.887884,54.0
80.0,200,163.058743,80.0
69.0,200,163.229593,69.0
33.0,200,163.400282,33.0
196.0,200,163.571155,196.0
30.0,200,164.160591,30.0
92.0,200,164.333356,92.0
195.0,195,164.501907,195.0
33.0,196,164.669294,33.0
41.0,200,164.839758,41.0
47.0,200,165.010642,47.0
37.0,200,165.181764,37.0
98.0,200,165.352563,98.0
105.0,117,165.452843,105.0
146.0,200,165.623646,146.0
73.0,200,165.794302,73.0
156.0,200,166.383866,156.0
174.0,200,166.557345,174.0
83.0,200,166.730806,83.0
52.0,200,166.902577,52.0
132.0,200,167.074526,132.0
167.0,200,167.246505,167.0
97.0,200,167.418498,97.0
75.0,200,167.591,75.0
71.0,200,167.76265,71.0
200.0,200,167.934663,200.0
57.0,200,168.530866,57.0
80.0,200,168.704046,80.0
83.0,100,168.789701,83.0
162.0,200,168.960378,162.0
89.0,108,169.053265,89.0
180.0,200,169.224284,180.0
87.0,200,169.395658,87.0
85.0,200,169.566757,85.0
127.0,139,169.685902,127.0
139.0,200,169.85685,139.0
70.0,200,170.028834,70.0
165.0,192,170.193106,165.0
96.0,191,170.785374,96.0
120.0,135,170.90275,120.0
70.0,75,170.9681,70.0
35.0,200,171.141524,35.0
115.0,129,171.253389,115.0
148.0,200,171.426705,148.0
168.0,200,171.601717,168.0
184.0,193,171.770843,184.0
