#{"t_start": 1752536461.294913, "env_id": "SafeCartPole-v0"}
r,l,t,c
11.0,11,1.237148,11.0
16.0,16,1.251374,16.0
19.0,19,1.268082,19.0
23.0,23,1.288306,19.0
9.0,9,1.296245,9.0
23.0,23,1.316472,23.0
21.0,21,1.334923,21.0
76.0,76,1.40204,76.0
11.0,11,1.411745,7.0
32.0,32,1.43987,32.0
23.0,23,1.460077,19.0
35.0,35,1.490849,35.0
27.0,27,1.514547,27.0
18.0,18,1.530366,18.0
14.0,14,1.542665,11.0
19.0,19,1.559352,13.0
19.0,19,1.576006,19.0
17.0,17,1.590945,17.0
13.0,13,1.602358,11.0
27.0,27,1.625992,27.0
18.0,18,1.641774,17.0
13.0,13,1.653172,10.0
32.0,32,1.681159,32.0
32.0,32,1.70871,32.0
12.0,12,1.719143,12.0
11.0,11,1.728687,11.0
15.0,15,1.741725,13.0
29.0,29,1.766801,29.0
14.0,14,1.778898,13.0
15.0,15,1.791836,12.0
24.0,24,1.812459,24.0
26.0,26,1.834787,25.0
30.0,30,1.860579,30.0
13.0,13,1.871817,13.0
37.0,37,1.903584,37.0
30.0,30,1.929479,30.0
9.0,9,1.937293,8.0
42.0,42,1.973444,38.0
17.0,17,1.988252,12.0
27.0,27,2.011498,22.0
9.0,9,2.019294,7.0
18.0,18,2.034962,18.0
18.0,18,2.050921,18.0
17.0,17,2.06578,17.0
20.0,20,2.083209,14.0
10.0,10,2.091964,10.0
15.0,15,2.105025,15.0
10.0,10,2.113779,10.0
25.0,25,2.13549,25.0
20.0,20,2.152866,20.0
13.0,13,2.164186,9.0
15.0,15,2.177209,13.0
30.0,30,2.203137,30.0
15.0,15,2.216159,9.0
30.0,30,2.241947,30.0
15.0,15,2.254956,13.0
28.0,28,2.279061,22.0
13.0,13,2.290299,12.0
27.0,27,2.313667,27.0
11.0,11,2.323211,8.0
18.0,18,2.338777,13.0
24.0,24,2.359517,16.0
11.0,11,2.369039,11.0
30.0,30,2.394856,30.0
21.0,21,2.412966,17.0
13.0,13,2.424273,13.0
21.0,21,2.442341,21.0
14.0,14,2.454414,13.0
8.0,8,2.461317,7.0
23.0,23,2.481157,23.0
15.0,15,2.494176,15.0
36.0,36,2.525156,36.0
19.0,19,2.54153,15.0
11.0,11,2.551074,11.0
12.0,12,2.561457,9.0
14.0,14,2.573553,13.0
25.0,25,2.59512,25.0
46.0,46,2.634724,46.0
33.0,33,2.663052,30.0
14.0,14,2.675121,10.0
26.0,26,2.697361,26.0
25.0,25,2.718961,25.0
19.0,19,2.735446,19.0
9.0,9,2.74331,9.0
22.0,22,2.762422,18.0
9.0,9,2.770282,7.0
15.0,15,2.783241,13.0
27.0,27,2.80662,23.0
20.0,20,2.823817,20.0
11.0,11,2.833329,9.0
17.0,17,2.848033,13.0
17.0,17,2.862785,17.0
20.0,20,2.880018,20.0
18.0,18,2.895501,12.0
19.0,19,2.912089,19.0
15.0,15,2.925073,15.0
29.0,29,2.950152,29.0
19.0,19,2.966822,16.0
33.0,33,2.995409,27.0
13.0,13,3.471066,13.0
11.0,11,3.480677,8.0
61.0,61,3.53303,61.0
21.0,21,3.551027,21.0
14.0,14,3.563078,13.0
14.0,14,3.575185,14.0
12.0,12,3.585538,12.0
21.0,21,3.603529,21.0
12.0,12,3.614059,12.0
17.0,17,3.628726,11.0
14.0,14,3.640771,14.0
51.0,51,3.684337,51.0
47.0,47,3.724558,47.0
14.0,14,3.736693,11.0
75.0,75,3.801025,34.0
17.0,17,3.815598,17.0
16.0,16,3.829303,16.0
16.0,16,3.843065,16.0
29.0,29,3.868193,29.0
20.0,20,3.885418,20.0
24.0,24,3.905963,19.0
40.0,40,3.940284,32.0
32.0,32,3.96775,32.0
17.0,17,3.982342,17.0
18.0,18,3.997774,15.0
28.0,28,4.021784,28.0
25.0,25,4.043242,22.0
14.0,14,4.055293,14.0
14.0,14,4.067394,14.0
19.0,19,4.084252,17.0
62.0,62,4.138326,62.0
31.0,31,4.165349,31.0
30.0,30,4.191474,30.0
12.0,12,4.201976,10.0
32.0,32,4.229949,28.0
21.0,21,4.248204,16.0
17.0,17,4.263058,17.0
42.0,42,4.299236,36.0
13.0,13,4.310493,11.0
16.0,16,4.324333,13.0
41.0,41,4.359697,41.0
10.0,10,4.368361,10.0
27.0,27,4.391789,27.0
38.0,38,4.424696,31.0
26.0,26,4.44721,19.0
42.0,42,4.483378,36.0
15.0,15,4.496335,11.0
32.0,32,4.523959,26.0
13.0,13,4.535201,10.0
24.0,24,4.555998,24.0
12.0,12,4.566297,10.0
19.0,19,4.582572,19.0
16.0,16,4.596398,16.0
16.0,16,4.610231,16.0
52.0,52,4.655081,52.0
18.0,18,4.670741,13.0
24.0,24,4.691363,24.0
45.0,45,4.730041,35.0
12.0,12,4.740461,11.0
45.0,45,4.779023,45.0
20.0,20,4.796123,20.0
63.0,63,4.85007,47.0
10.0,10,4.858771,8.0
15.0,15,4.871708,12.0
26.0,26,4.893972,26.0
31.0,31,4.920504,31.0
16.0,16,4.934443,16.0
26.0,26,4.956871,17.0
50.0,50,4.999717,42.0
35.0,35,5.029719,35.0
19.0,19,5.04601,19.0
29.0,29,5.070905,29.0
34.0,34,5.100114,34.0
28.0,28,5.124171,28.0
16.0,16,5.137941,12.0
15.0,15,5.150872,15.0
20.0,20,5.168079,20.0
20.0,20,5.18522,20.0
62.0,62,5.643938,62.0
57.0,57,5.692752,28.0
19.0,19,5.708994,17.0
26.0,26,5.731378,19.0
21.0,21,5.749419,18.0
24.0,24,5.77014,24.0
53.0,53,5.815406,53.0
42.0,42,5.851484,42.0
23.0,23,5.871177,17.0
30.0,30,5.896778,30.0
24.0,24,5.917289,24.0
17.0,17,5.931863,11.0
15.0,15,5.944748,15.0
11.0,11,5.954247,7.0
49.0,49,5.996059,49.0
16.0,16,6.009819,10.0
79.0,79,6.077322,22.0
102.0,102,6.165947,41.0
75.0,75,6.230685,51.0
11.0,11,6.240165,11.0
14.0,14,6.25222,14.0
26.0,26,6.27487,26.0
41.0,41,6.310448,41.0
40.0,40,6.345105,38.0
23.0,23,6.365126,23.0
31.0,31,6.391789,21.0
25.0,25,6.413198,25.0
22.0,22,6.432104,22.0
16.0,16,6.44585,16.0
29.0,29,6.470698,29.0
36.0,36,6.501503,36.0
28.0,28,6.525482,28.0
11.0,11,6.534935,11.0
25.0,25,6.556333,25.0
19.0,19,6.572624,19.0
20.0,20,6.589732,13.0
15.0,15,6.602584,15.0
19.0,19,6.618873,14.0
25.0,25,6.640271,25.0
50.0,50,6.683064,34.0
13.0,13,6.694226,11.0
25.0,25,6.715574,13.0
33.0,33,6.743828,33.0
13.0,13,6.755099,11.0
20.0,20,6.772179,20.0
11.0,11,6.78161,11.0
25.0,25,6.802964,25.0
16.0,16,6.816717,16.0
22.0,22,6.835688,22.0
24.0,24,6.856238,24.0
9.0,9,6.863971,9.0
14.0,14,6.875996,10.0
38.0,38,6.908516,38.0
39.0,39,6.941971,30.0
15.0,15,6.955143,15.0
33.0,33,6.983505,33.0
28.0,28,7.007466,28.0
12.0,12,7.017831,8.0
20.0,20,7.03505,20.0
11.0,11,7.044487,9.0
12.0,12,7.054806,12.0
20.0,20,7.071934,17.0
15.0,15,7.084771,15.0
60.0,60,7.136406,60.0
15.0,15,7.149355,15.0
28.0,28,7.17347,28.0
46.0,46,7.212869,39.0
17.0,17,7.22771,17.0
46.0,46,7.268258,46.0
14.0,14,7.280749,11.0
23.0,23,7.301476,23.0
48.0,48,7.344267,48.0
33.0,33,7.37338,33.0
39.0,39,7.81429,39.0
43.0,43,7.851238,43.0
45.0,45,7.889893,45.0
21.0,21,7.907946,16.0
14.0,14,7.920021,11.0
58.0,58,7.971288,39.0
15.0,15,7.984774,15.0
30.0,30,8.011556,30.0
82.0,82,8.084906,29.0
32.0,32,8.113051,32.0
23.0,23,8.133259,23.0
53.0,53,8.179807,42.0
37.0,37,8.212179,37.0
21.0,21,8.230681,21.0
35.0,35,8.261348,35.0
60.0,60,8.313681,60.0
13.0,13,8.325071,8.0
18.0,18,8.340785,18.0
29.0,29,8.366196,29.0
23.0,23,8.386404,23.0
17.0,17,8.401341,14.0
18.0,18,8.417103,18.0
24.0,24,8.438133,24.0
16.0,16,8.452167,16.0
48.0,48,8.494061,48.0
13.0,13,8.505433,8.0
20.0,20,8.522948,20.0
69.0,69,8.582887,69.0
13.0,13,8.594206,13.0
25.0,25,8.615881,25.0
30.0,30,8.641841,30.0
52.0,52,8.68669,52.0
55.0,55,8.734074,55.0
35.0,35,8.764314,35.0
31.0,31,8.790897,23.0
52.0,52,8.835532,37.0
30.0,30,8.861296,30.0
16.0,16,8.875042,16.0
33.0,33,8.903257,33.0
49.0,49,8.945415,49.0
33.0,33,8.974053,21.0
50.0,50,9.017184,50.0
32.0,32,9.044866,32.0
27.0,27,9.068262,27.0
12.0,12,9.078662,12.0
24.0,24,9.099428,24.0
39.0,39,9.133078,39.0
47.0,47,9.173664,47.0
10.0,10,9.182283,9.0
24.0,24,9.202884,24.0
66.0,66,9.259578,52.0
34.0,34,9.288794,34.0
16.0,16,9.302529,16.0
51.0,51,9.346364,43.0
30.0,30,9.372306,30.0
71.0,71,9.433121,71.0
38.0,38,9.465609,37.0
21.0,21,9.483626,21.0
28.0,28,9.507687,28.0
20.0,20,9.524944,15.0
24.0,24,9.545587,13.0
17.0,17,9.560271,17.0
67.0,67,10.01851,60.0
23.0,23,10.038217,20.0
54.0,54,10.084444,38.0
34.0,34,10.11365,34.0
21.0,21,10.131864,21.0
12.0,12,10.14223,12.0
36.0,36,10.173163,36.0
29.0,29,10.198255,29.0
46.0,46,10.238304,37.0
23.0,23,10.258392,23.0
79.0,79,10.326975,72.0
100.0,100,10.414021,96.0
31.0,31,10.441083,31.0
56.0,56,10.489839,56.0
35.0,35,10.520115,35.0
74.0,74,10.583666,68.0
26.0,26,10.605885,26.0
70.0,70,10.66611,70.0
25.0,25,10.687628,25.0
61.0,61,10.740019,61.0
97.0,97,10.823057,72.0
42.0,42,10.859031,42.0
80.0,80,10.927764,80.0
36.0,36,10.95911,36.0
25.0,25,10.980555,25.0
19.0,19,10.996994,19.0
36.0,36,11.027898,36.0
38.0,38,11.060404,38.0
89.0,89,11.136884,89.0
24.0,24,11.157609,24.0
52.0,52,11.202326,43.0
31.0,31,11.228775,31.0
14.0,14,11.240803,14.0
31.0,31,11.267412,31.0
27.0,27,11.290661,27.0
56.0,56,11.338859,56.0
53.0,53,11.384214,53.0
54.0,54,11.430502,47.0
85.0,85,11.503692,85.0
126.0,126,11.611799,44.0
31.0,31,11.63844,31.0
43.0,43,11.675274,43.0
20.0,20,11.692364,20.0
85.0,85,12.169351,74.0
34.0,34,12.198562,34.0
33.0,33,12.226732,33.0
87.0,87,12.301979,87.0
25.0,25,12.323689,25.0
15.0,15,12.336735,15.0
26.0,26,12.359337,26.0
41.0,41,12.39495,41.0
27.0,27,12.418511,21.0
111.0,111,12.514046,111.0
43.0,43,12.551213,43.0
40.0,40,12.586087,40.0
48.0,48,12.627393,39.0
78.0,78,12.694369,48.0
71.0,71,12.755516,71.0
77.0,77,12.822086,45.0
26.0,26,12.844494,26.0
32.0,32,12.872136,32.0
29.0,29,12.897191,23.0
79.0,79,12.965038,52.0
41.0,41,13.000118,41.0
29.0,29,13.025163,24.0
80.0,80,13.093635,37.0
41.0,41,13.12896,41.0
161.0,161,13.267493,100.0
19.0,19,13.283923,19.0
153.0,153,13.415346,73.0
45.0,45,13.454025,30.0
107.0,107,13.545594,40.0
44.0,44,13.583265,44.0
105.0,105,13.673093,50.0
44.0,44,13.711,44.0
27.0,27,13.734391,27.0
33.0,33,13.762883,33.0
94.0,94,13.843176,56.0
60.0,60,13.894606,30.0
18.0,18,13.910062,18.0
46.0,46,14.353148,46.0
153.0,153,14.48657,91.0
160.0,160,14.624607,36.0
26.0,26,14.647029,26.0
162.0,162,14.786338,74.0
80.0,80,14.854691,35.0
38.0,38,14.88722,29.0
15.0,15,14.900078,15.0
48.0,48,14.941371,48.0
54.0,54,14.988271,54.0
134.0,134,15.103402,130.0
57.0,57,15.152646,24.0
71.0,71,15.2136,35.0
109.0,109,15.307604,90.0
73.0,73,15.370497,73.0
85.0,85,15.443784,85.0
34.0,34,15.473394,34.0
29.0,29,15.498331,29.0
14.0,14,15.510347,14.0
66.0,66,15.566971,59.0
52.0,52,15.61144,28.0
23.0,23,15.631194,23.0
108.0,108,15.723863,75.0
34.0,34,15.753254,34.0
57.0,57,15.802961,57.0
198.0,198,15.973152,95.0
21.0,21,15.991186,21.0
28.0,28,16.015115,28.0
35.0,35,16.045213,35.0
73.0,73,16.511681,73.0
77.0,77,16.578546,68.0
160.0,160,16.716779,150.0
22.0,22,16.735816,20.0
22.0,22,16.754803,22.0
19.0,19,16.771246,19.0
66.0,66,16.827715,66.0
83.0,83,16.898758,68.0
85.0,85,16.972261,76.0
82.0,82,17.042691,30.0
78.0,78,17.10955,30.0
121.0,121,17.213373,106.0
60.0,60,17.264887,60.0
80.0,80,17.333276,72.0
33.0,33,17.361776,33.0
113.0,113,17.458544,113.0
94.0,94,17.539026,88.0
48.0,48,17.580031,24.0
27.0,27,17.60325,27.0
19.0,19,17.619513,19.0
67.0,67,17.677071,61.0
26.0,26,17.699615,20.0
156.0,156,17.834158,135.0
107.0,107,17.926406,85.0
34.0,34,17.95572,34.0
24.0,24,17.976581,15.0
85.0,85,18.049457,79.0
32.0,32,18.076811,29.0
55.0,55,18.124361,55.0
69.0,69,18.184259,69.0
95.0,95,18.671491,31.0
90.0,90,18.74962,66.0
70.0,70,18.809931,30.0
83.0,83,18.881596,71.0
150.0,150,19.010934,66.0
60.0,60,19.062653,59.0
90.0,90,19.140105,70.0
199.0,199,19.311023,158.0
76.0,76,19.376123,70.0
26.0,26,19.398499,26.0
80.0,80,19.46708,73.0
123.0,123,19.572548,113.0
195.0,195,19.739767,86.0
200.0,200,19.911772,143.0
83.0,83,19.983556,67.0
133.0,133,20.097675,68.0
32.0,32,20.125282,32.0
49.0,49,20.167561,49.0
76.0,76,20.232696,76.0
139.0,139,20.353176,56.0
200.0,200,20.936113,193.0
157.0,157,21.071186,103.0
124.0,124,21.177897,124.0
124.0,124,21.284337,25.0
200.0,200,21.456636,119.0
77.0,77,21.522927,29.0
157.0,157,21.657332,50.0
173.0,173,21.805853,114.0
200.0,200,21.979758,104.0
164.0,164,22.120524,38.0
96.0,96,22.202932,96.0
200.0,200,22.37468,97.0
85.0,85,22.453816,50.0
156.0,156,22.598682,66.0
173.0,173,23.148871,33.0
200.0,200,23.321253,200.0
195.0,195,23.48917,70.0
35.0,35,23.519234,23.0
116.0,116,23.619146,108.0
67.0,67,23.676848,67.0
101.0,101,23.763775,68.0
175.0,175,23.914045,131.0
200.0,200,24.086299,143.0
194.0,194,24.253597,59.0
200.0,200,24.43643,57.0
31.0,31,24.465173,31.0
38.0,38,24.499997,38.0
74.0,74,24.568381,67.0
181.0,181,24.735856,76.0
121.0,121,25.260607,112.0
200.0,200,25.433883,93.0
84.0,84,25.508845,77.0
181.0,181,25.673599,51.0
108.0,108,25.77135,82.0
129.0,129,25.888342,95.0
132.0,132,26.00803,72.0
200.0,200,26.189889,97.0
34.0,34,26.221194,34.0
112.0,112,26.322532,32.0
159.0,159,26.466687,68.0
109.0,109,26.565874,93.0
37.0,37,26.599963,37.0
121.0,121,26.710183,75.0
143.0,143,26.835358,143.0
42.0,42,26.871488,42.0
120.0,120,26.974754,36.0
150.0,150,27.487945,120.0
119.0,119,27.595289,32.0
70.0,70,27.658739,64.0
109.0,109,27.757766,109.0
107.0,107,27.854489,99.0
49.0,49,27.898842,43.0
200.0,200,28.079901,65.0
60.0,60,28.134557,60.0
176.0,176,28.293603,120.0
171.0,171,28.448086,69.0
200.0,200,28.630018,36.0
98.0,98,28.720232,83.0
63.0,63,28.778212,63.0
158.0,158,28.922958,92.0
180.0,180,29.086506,134.0
200.0,200,29.268137,76.0
90.0,90,29.750772,90.0
117.0,117,29.850952,109.0
128.0,128,29.960653,106.0
32.0,32,29.988367,32.0
113.0,113,30.085896,77.0
107.0,107,30.178519,94.0
36.0,36,30.209499,36.0
133.0,133,30.324786,54.0
122.0,122,30.430155,77.0
148.0,148,30.557502,64.0
150.0,150,30.686962,100.0
200.0,200,30.861073,129.0
137.0,137,30.9804,49.0
200.0,200,31.154055,35.0
66.0,66,31.211212,61.0
177.0,177,31.362931,48.0
200.0,200,31.925933,49.0
83.0,83,31.997215,78.0
200.0,200,32.167963,199.0
200.0,200,32.339672,68.0
152.0,152,32.471109,62.0
153.0,153,32.602748,105.0
47.0,47,32.642984,47.0
86.0,86,32.717459,80.0
200.0,200,32.890698,28.0
200.0,200,33.062684,46.0
100.0,100,33.148644,88.0
200.0,200,33.325305,81.0
105.0,105,33.421189,69.0
90.0,90,33.499722,83.0
200.0,200,34.063892,34.0
79.0,79,34.13219,74.0
136.0,136,34.24953,97.0
200.0,200,34.421779,45.0
200.0,200,34.594383,56.0
30.0,30,34.620589,30.0
71.0,71,34.681789,32.0
55.0,55,34.729417,55.0
90.0,90,34.811638,33.0
70.0,70,34.875757,64.0
136.0,136,35.000337,59.0
88.0,88,35.080417,37.0
70.0,70,35.143712,64.0
81.0,81,35.213698,75.0
77.0,77,35.280726,77.0
200.0,200,35.45497,54.0
150.0,150,35.584244,66.0
200.0,200,35.755959,133.0
200.0,200,36.315343,188.0
200.0,200,36.487758,89.0
131.0,131,36.600415,36.0
91.0,91,36.678313,23.0
94.0,94,36.758958,45.0
186.0,186,36.919962,104.0
119.0,119,37.022276,48.0
186.0,186,37.182502,70.0
72.0,72,37.24438,66.0
144.0,144,37.367795,137.0
74.0,74,37.431068,68.0
105.0,105,37.520749,78.0
160.0,160,37.657589,65.0
200.0,200,37.828951,56.0
200.0,200,38.403882,170.0
200.0,200,38.575646,57.0
81.0,81,38.645344,77.0
88.0,88,38.72088,71.0
200.0,200,38.893943,181.0
200.0,200,39.066622,157.0
200.0,200,39.239447,192.0
76.0,76,39.305236,69.0
156.0,156,39.43918,79.0
174.0,174,39.588374,70.0
137.0,137,39.705704,36.0
106.0,106,39.79666,97.0
145.0,145,39.921052,62.0
46.0,46,39.960537,36.0
200.0,200,40.132159,47.0
149.0,149,40.666554,88.0
200.0,200,40.84715,114.0
145.0,145,40.980285,71.0
115.0,115,41.085874,103.0
200.0,200,41.269324,63.0
156.0,156,41.412848,39.0
200.0,200,41.596441,53.0
200.0,200,41.778205,93.0
77.0,77,41.848374,77.0
44.0,44,41.88824,30.0
115.0,115,41.992654,105.0
101.0,101,42.083923,94.0
200.0,200,42.265461,37.0
200.0,200,42.837581,106.0
92.0,92,42.917747,85.0
148.0,148,43.047006,134.0
154.0,154,43.181106,139.0
111.0,111,43.276853,95.0
113.0,113,43.374105,42.0
200.0,200,43.546015,42.0
51.0,51,43.590239,51.0
200.0,200,43.761967,35.0
96.0,96,43.844702,86.0
200.0,200,44.016638,32.0
104.0,104,44.106332,95.0
123.0,123,44.212047,121.0
170.0,170,44.357969,40.0
159.0,159,44.49429,140.0
200.0,200,45.062675,135.0
200.0,200,45.23547,134.0
87.0,87,45.311486,81.0
200.0,200,45.486008,200.0
137.0,137,45.604162,52.0
69.0,69,45.663518,67.0
58.0,58,45.713472,37.0
151.0,151,45.843677,111.0
200.0,200,46.015625,200.0
117.0,117,46.116262,106.0
200.0,200,46.288441,85.0
197.0,197,46.458324,66.0
115.0,115,46.55703,92.0
113.0,113,46.654012,98.0
196.0,196,47.221463,109.0
200.0,200,47.393277,105.0
86.0,86,47.467335,80.0
200.0,200,47.638678,76.0
200.0,200,47.810536,182.0
200.0,200,47.983241,114.0
200.0,200,48.15584,50.0
112.0,112,48.252568,104.0
134.0,134,48.367799,59.0
104.0,104,48.457294,87.0
100.0,100,48.543056,39.0
90.0,90,48.620471,79.0
168.0,168,48.765194,76.0
114.0,114,48.86305,83.0
151.0,151,49.393947,144.0
159.0,159,49.531044,73.0
200.0,200,49.702819,129.0
200.0,200,49.874959,104.0
200.0,200,50.047176,45.0
77.0,77,50.113926,67.0
200.0,200,50.286647,26.0
185.0,185,50.447412,155.0
89.0,89,50.524028,79.0
200.0,200,50.69624,75.0
200.0,200,50.868608,88.0
200.0,200,51.042266,106.0
77.0,77,51.509864,71.0
200.0,200,51.684507,58.0
200.0,200,51.864958,85.0
200.0,200,52.048089,34.0
200.0,200,52.230996,50.0
91.0,91,52.314533,83.0
83.0,83,52.390324,77.0
154.0,154,52.531911,146.0
200.0,200,52.714818,159.0
67.0,67,52.776325,61.0
102.0,102,52.869263,36.0
48.0,48,52.910769,48.0
154.0,154,53.043389,146.0
86.0,86,53.1177,78.0
134.0,134,53.234656,90.0
80.0,80,53.702538,72.0
100.0,100,53.78853,100.0
112.0,112,53.884989,94.0
87.0,87,53.95994,79.0
200.0,200,54.131959,35.0
200.0,200,54.304287,26.0
200.0,200,54.480538,98.0
200.0,200,54.657458,111.0
165.0,165,54.799792,60.0
200.0,200,54.971713,132.0
159.0,159,55.109026,58.0
120.0,120,55.213229,109.0
200.0,200,55.388868,145.0
200.0,200,55.957585,62.0
198.0,198,56.12801,81.0
77.0,77,56.19422,71.0
132.0,132,56.307756,73.0
138.0,138,56.426661,104.0
170.0,170,56.572646,51.0
200.0,200,56.744322,170.0
200.0,200,56.916009,83.0
199.0,199,57.087027,42.0
175.0,175,57.237923,59.0
200.0,200,57.412126,121.0
200.0,200,57.585313,35.0
200.0,200,58.149329,200.0
125.0,125,58.257371,62.0
182.0,182,58.413778,148.0
106.0,106,58.50477,97.0
82.0,82,58.575224,76.0
200.0,200,58.747576,82.0
200.0,200,58.91963,120.0
200.0,200,59.091864,69.0
200.0,200,59.265059,28.0
185.0,185,59.427041,171.0
200.0,200,59.601883,63.0
200.0,200,59.77479,114.0
200.0,200,60.343762,64.0
42.0,42,60.380408,42.0
32.0,32,60.408055,32.0
183.0,183,60.566598,71.0
199.0,199,60.737911,83.0
178.0,178,60.891091,74.0
200.0,200,61.063211,134.0
79.0,79,61.131471,79.0
115.0,115,61.230417,107.0
200.0,200,61.404476,46.0
200.0,200,61.579652,130.0
200.0,200,61.753668,83.0
200.0,200,61.926214,48.0
153.0,153,62.451189,70.0
18.0,18,62.466886,18.0
200.0,200,62.638568,45.0
191.0,191,62.803403,174.0
200.0,200,62.975327,98.0
200.0,200,63.148093,125.0
197.0,197,63.317903,92.0
200.0,200,63.491724,34.0
59.0,59,63.543058,59.0
95.0,95,63.624806,82.0
72.0,72,63.686625,66.0
200.0,200,63.859004,62.0
200.0,200,64.031408,54.0
200.0,200,64.596565,93.0
200.0,200,64.768827,134.0
200.0,200,64.940586,38.0
116.0,116,65.040567,101.0
200.0,200,65.212537,54.0
200.0,200,65.386657,111.0
200.0,200,65.561951,56.0
200.0,200,65.735209,94.0
200.0,200,65.907564,198.0
200.0,200,66.079696,51.0
200.0,200,66.252433,188.0
197.0,197,66.816185,63.0
200.0,200,66.987985,70.0
200.0,200,67.160339,145.0
179.0,179,67.314562,85.0
192.0,192,67.480328,68.0
132.0,132,67.594068,91.0
104.0,104,67.683602,92.0
103.0,103,67.772103,96.0
152.0,152,67.903183,44.0
200.0,200,68.075765,114.0
200.0,200,68.247953,60.0
170.0,170,68.394253,64.0
200.0,200,68.963223,35.0
200.0,200,69.135855,92.0
92.0,92,69.215613,77.0
168.0,168,69.360312,50.0
200.0,200,69.533561,41.0
200.0,200,69.707633,122.0
200.0,200,69.88037,71.0
200.0,200,70.052648,200.0
200.0,200,70.22541,69.0
200.0,200,70.398984,112.0
200.0,200,70.571677,107.0
200.0,200,71.146171,117.0
200.0,200,71.318922,55.0
155.0,155,71.452194,59.0
88.0,88,71.528695,82.0
200.0,200,71.701425,74.0
200.0,200,71.874265,57.0
200.0,200,72.04723,132.0
200.0,200,72.219962,61.0
199.0,199,72.390752,40.0
200.0,200,72.565585,147.0
145.0,145,72.693957,71.0
200.0,200,73.263733,67.0
200.0,200,73.435935,72.0
186.0,186,73.597265,101.0
200.0,200,73.776867,49.0
200.0,200,73.963028,149.0
200.0,200,74.149042,175.0
200.0,200,74.334531,76.0
200.0,200,74.518792,98.0
200.0,200,74.695542,87.0
128.0,128,74.805748,115.0
200.0,200,74.977528,81.0
184.0,184,75.528439,71.0
200.0,200,75.702678,97.0
200.0,200,75.878055,137.0
89.0,89,75.95549,71.0
178.0,178,76.109318,74.0
200.0,200,76.281763,101.0
198.0,198,76.452967,86.0
117.0,117,76.55384,105.0
192.0,192,76.719674,92.0
158.0,158,76.855853,64.0
177.0,177,77.008355,88.0
199.0,199,77.572753,104.0
200.0,200,77.748703,41.0
177.0,177,77.902171,62.0
89.0,89,77.97913,80.0
180.0,180,78.134764,50.0
200.0,200,78.307105,75.0
190.0,190,78.471031,87.0
200.0,200,78.642928,87.0
67.0,67,78.70105,67.0
80.0,80,78.769843,70.0
94.0,94,78.850712,85.0
200.0,200,79.022871,65.0
98.0,98,79.107632,91.0
200.0,200,79.279825,48.0
200.0,200,79.842297,123.0
200.0,200,80.014774,150.0
200.0,200,80.186966,106.0
200.0,200,80.359737,37.0
172.0,172,80.50814,160.0
200.0,200,80.680722,95.0
200.0,200,80.853175,30.0
200.0,200,81.025305,60.0
200.0,200,81.197833,160.0
197.0,197,81.367879,154.0
163.0,163,81.908339,56.0
178.0,178,82.062572,67.0
200.0,200,82.235617,200.0
200.0,200,82.408105,68.0
187.0,187,82.569296,28.0
200.0,200,82.740991,163.0
200.0,200,82.913371,42.0
200.0,200,83.085905,143.0
200.0,200,83.258164,49.0
196.0,196,83.427076,35.0
200.0,200,83.598988,84.0
200.0,200,84.161953,57.0
200.0,200,84.334361,113.0
200.0,200,84.506984,108.0
142.0,142,84.62981,142.0
200.0,200,84.801875,94.0
154.0,154,84.934596,75.0
200.0,200,85.106896,182.0
200.0,200,85.279812,107.0
200.0,200,85.45311,42.0
200.0,200,85.625623,78.0
200.0,200,85.798485,157.0
200.0,200,86.369927,41.0
200.0,200,86.542149,38.0
200.0,200,86.71428,45.0
200.0,200,86.886639,70.0
200.0,200,87.059527,84.0
200.0,200,87.23211,32.0
200.0,200,87.40414,65.0
165.0,165,87.546244,69.0
200.0,200,87.717964,49.0
200.0,200,87.891302,153.0
200.0,200,88.489212,59.0
139.0,139,88.607609,58.0
200.0,200,88.77776,161.0
200.0,200,88.948038,103.0
194.0,194,89.113192,65.0
200.0,200,89.283634,122.0
200.0,200,89.462995,126.0
85.0,85,89.536704,73.0
169.0,169,89.682126,120.0
200.0,200,89.854579,41.0
200.0,200,90.02968,123.0
200.0,200,90.612326,42.0
200.0,200,90.784933,163.0
200.0,200,90.957605,46.0
200.0,200,91.13032,97.0
46.0,46,91.170323,39.0
200.0,200,91.342767,99.0
200.0,200,91.515325,123.0
200.0,200,91.68777,69.0
200.0,200,91.860353,122.0
200.0,200,92.034251,107.0
200.0,200,92.207683,174.0
133.0,133,92.322841,122.0
200.0,200,92.894689,47.0
200.0,200,93.067615,36.0
200.0,200,93.240113,102.0
200.0,200,93.412558,41.0
200.0,200,93.58512,43.0
200.0,200,93.758072,95.0
200.0,200,93.930536,172.0
200.0,200,94.105201,78.0
200.0,200,94.279684,21.0
200.0,200,94.453379,21.0
145.0,145,95.00688,99.0
169.0,169,95.152517,95.0
200.0,200,95.32572,142.0
200.0,200,95.498538,90.0
200.0,200,95.671181,62.0
198.0,198,95.842632,146.0
200.0,200,96.014956,138.0
200.0,200,96.190152,50.0
200.0,200,96.364816,183.0
200.0,200,96.538335,89.0
200.0,200,96.711525,153.0
200.0,200,97.302224,130.0
200.0,200,97.475239,93.0
200.0,200,97.647949,124.0
200.0,200,97.820785,55.0
200.0,200,97.993835,109.0
200.0,200,98.168365,97.0
200.0,200,98.343082,34.0
200.0,200,98.515683,104.0
200.0,200,98.688358,184.0
200.0,200,98.861133,73.0
200.0,200,99.452048,200.0
198.0,198,99.622615,198.0
130.0,130,99.734232,113.0
200.0,200,99.90631,106.0
200.0,200,100.078677,200.0
200.0,200,100.253479,32.0
200.0,200,100.428618,41.0
200.0,200,100.602653,109.0
200.0,200,100.776386,126.0
200.0,200,100.949251,37.0
200.0,200,101.527168,118.0
104.0,104,101.618097,88.0
200.0,200,101.801856,165.0
200.0,200,101.98577,171.0
200.0,200,102.170878,150.0
200.0,200,102.349043,43.0
200.0,200,102.522404,70.0
200.0,200,102.69534,126.0
200.0,200,102.868247,161.0
200.0,200,103.041312,50.0
200.0,200,103.214862,200.0
200.0,200,103.785782,126.0
200.0,200,103.958592,45.0
200.0,200,104.130898,43.0
200.0,200,104.304963,39.0
200.0,200,104.478203,75.0
200.0,200,104.651702,88.0
200.0,200,104.825135,140.0
200.0,200,104.998273,33.0
200.0,200,105.171424,64.0
200.0,200,105.345551,35.0
200.0,200,105.963731,34.0
200.0,200,106.137389,78.0
184.0,184,106.298252,63.0
200.0,200,106.472858,179.0
200.0,200,106.646171,96.0
200.0,200,106.81883,123.0
200.0,200,106.991616,73.0
200.0,200,107.164455,178.0
200.0,200,107.337118,95.0
173.0,173,107.486318,87.0
200.0,200,107.658506,171.0
200.0,200,108.225993,70.0
187.0,187,108.388534,54.0
200.0,200,108.561205,35.0
200.0,200,108.734498,60.0
200.0,200,108.908031,46.0
75.0,75,108.973202,66.0
200.0,200,109.146183,64.0
200.0,200,109.319473,112.0
200.0,200,109.492245,72.0
92.0,92,109.571902,84.0
200.0,200,109.744302,156.0
200.0,200,110.320419,43.0
200.0,200,110.495563,146.0
200.0,200,110.669385,67.0
200.0,200,110.842185,30.0
200.0,200,111.015441,45.0
200.0,200,111.188331,34.0
200.0,200,111.361626,92.0
200.0,200,111.534037,60.0
200.0,200,111.706507,36.0
200.0,200,111.879305,98.0
200.0,200,112.051884,32.0
200.0,200,112.670788,55.0
200.0,200,112.844082,58.0
200.0,200,113.016872,200.0
200.0,200,113.190243,47.0
189.0,189,113.353667,38.0
200.0,200,113.526162,35.0
167.0,167,113.670475,87.0
200.0,200,113.843085,64.0
33.0,33,113.871947,33.0
200.0,200,114.044502,51.0
200.0,200,114.217796,60.0
170.0,170,114.769019,27.0
200.0,200,114.941649,120.0
90.0,90,115.01984,71.0
200.0,200,115.192655,146.0
200.0,200,115.374448,67.0
200.0,200,115.557278,26.0
200.0,200,115.739015,141.0
98.0,98,115.82911,84.0
104.0,104,115.92334,89.0
200.0,200,116.098132,37.0
149.0,149,116.226594,85.0
200.0,200,116.399041,56.0
200.0,200,116.973678,37.0
200.0,200,117.146602,36.0
200.0,200,117.319173,34.0
32.0,32,117.347163,32.0
200.0,200,117.52028,38.0
200.0,200,117.693089,29.0
125.0,125,117.8011,71.0
200.0,200,117.973496,35.0
200.0,200,118.146014,200.0
200.0,200,118.318566,200.0
200.0,200,118.491287,145.0
200.0,200,119.070457,37.0
200.0,200,119.246572,153.0
127.0,127,119.358441,118.0
200.0,200,119.533009,161.0
200.0,200,119.706669,60.0
200.0,200,119.87895,34.0
200.0,200,120.051158,99.0
200.0,200,120.224408,200.0
200.0,200,120.406929,32.0
200.0,200,120.581239,50.0
200.0,200,120.7563,102.0
200.0,200,121.337354,35.0
200.0,200,121.510148,149.0
200.0,200,121.682589,170.0
131.0,131,121.795828,117.0
200.0,200,121.968008,33.0
200.0,200,122.151762,183.0
200.0,200,122.335086,132.0
200.0,200,122.518468,56.0
200.0,200,122.698242,42.0
200.0,200,122.87138,45.0
143.0,143,122.995403,86.0
200.0,200,123.577807,42.0
200.0,200,123.750251,121.0
200.0,200,123.923016,144.0
200.0,200,124.095809,200.0
200.0,200,124.268554,30.0
200.0,200,124.441018,49.0
200.0,200,124.614318,151.0
200.0,200,124.798673,200.0
200.0,200,124.981172,78.0
200.0,200,125.162606,128.0
200.0,200,125.787636,101.0
200.0,200,125.965132,46.0
200.0,200,126.148067,166.0
200.0,200,126.33234,63.0
200.0,200,126.515781,28.0
200.0,200,126.700146,31.0
200.0,200,126.885516,44.0
200.0,200,127.067266,54.0
200.0,200,127.240474,90.0
200.0,200,127.413058,67.0
195.0,195,127.980912,115.0
200.0,200,128.153344,81.0
200.0,200,128.326036,47.0
88.0,88,128.402252,77.0
200.0,200,128.57461,112.0
200.0,200,128.748583,34.0
200.0,200,128.923271,46.0
197.0,197,129.095197,37.0
200.0,200,129.268542,66.0
111.0,111,129.364922,53.0
200.0,200,129.538141,114.0
200.0,200,129.710253,32.0
200.0,200,130.297172,45.0
200.0,200,130.472253,34.0
200.0,200,130.646722,55.0
200.0,200,130.821141,200.0
200.0,200,130.99956,54.0
200.0,200,131.184618,50.0
200.0,200,131.369126,165.0
171.0,171,131.527152,32.0
200.0,200,131.710814,105.0
200.0,200,131.893176,200.0
200.0,200,132.482689,53.0
200.0,200,132.665741,94.0
200.0,200,132.850223,75.0
200.0,200,133.034138,41.0
200.0,200,133.210215,83.0
200.0,200,133.39226,39.0
200.0,200,133.574588,48.0
200.0,200,133.756533,113.0
200.0,200,133.938507,80.0
200.0,200,134.120474,135.0
200.0,200,134.723375,200.0
119.0,119,134.826651,108.0
78.0,78,134.894999,70.0
200.0,200,135.07027,46.0
200.0,200,135.24595,120.0
200.0,200,135.421517,75.0
200.0,200,135.594952,36.0
200.0,200,135.767802,200.0
200.0,200,135.940541,57.0
200.0,200,136.113097,200.0
200.0,200,136.291663,68.0
200.0,200,136.472705,174.0
200.0,200,137.054963,76.0
200.0,200,137.228476,200.0
200.0,200,137.401003,36.0
200.0,200,137.574007,98.0
176.0,176,137.725681,35.0
94.0,94,137.806651,87.0
200.0,200,137.978694,60.0
200.0,200,138.15083,101.0
200.0,200,138.330678,200.0
200.0,200,138.512118,110.0
200.0,200,139.09794,49.0
200.0,200,139.272837,37.0
200.0,200,139.44646,189.0
200.0,200,139.619428,41.0
200.0,200,139.791969,58.0
200.0,200,139.964551,28.0
200.0,200,140.137192,28.0
200.0,200,140.310909,39.0
200.0,200,140.483905,112.0
200.0,200,140.657268,56.0
200.0,200,140.829983,34.0
200.0,200,141.411026,147.0
200.0,200,141.584466,77.0
200.0,200,141.756566,52.0
200.0,200,141.929127,59.0
200.0,200,142.101801,107.0
200.0,200,142.274735,72.0
200.0,200,142.447097,75.0
200.0,200,142.619673,49.0
200.0,200,142.792498,86.0
200.0,200,142.96509,124.0
200.0,200,143.579587,38.0
200.0,200,143.761155,77.0
145.0,145,143.892955,65.0
200.0,200,144.067396,85.0
200.0,200,144.240269,80.0
200.0,200,144.41257,86.0
129.0,129,144.523674,81.0
200.0,200,144.695726,67.0
200.0,200,144.868212,123.0
200.0,200,145.040791,120.0
200.0,200,145.225595,34.0
200.0,200,145.809231,90.0
200.0,200,145.981723,44.0
200.0,200,146.154037,36.0
200.0,200,146.32706,89.0
200.0,200,146.499752,200.0
200.0,200,146.671759,45.0
197.0,197,146.841431,70.0
200.0,200,147.013744,92.0
200.0,200,147.193566,127.0
200.0,200,147.378366,149.0
200.0,200,147.965666,93.0
200.0,200,148.138237,181.0
200.0,200,148.310552,200.0
200.0,200,148.482695,151.0
200.0,200,148.655232,28.0
156.0,156,148.789904,134.0
200.0,200,148.961962,28.0
200.0,200,149.134851,200.0
200.0,200,149.318626,67.0
200.0,200,149.501679,72.0
200.0,200,149.683862,134.0
200.0,200,150.285091,44.0
200.0,200,150.468354,42.0
200.0,200,150.650941,66.0
200.0,200,150.832823,30.0
200.0,200,151.006762,153.0
200.0,200,151.179762,147.0
200.0,200,151.354614,57.0
200.0,200,151.527682,112.0
200.0,200,151.700247,39.0
200.0,200,151.872907,139.0
193.0,193,152.462487,178.0
200.0,200,152.634991,72.0
200.0,200,152.807703,30.0
200.0,200,152.980168,34.0
200.0,200,153.152833,154.0
200.0,200,153.333297,147.0
200.0,200,153.517204,200.0
143.0,143,153.645945,51.0
200.0,200,153.818099,26.0
200.0,200,153.990648,29.0
200.0,200,154.557935,179.0
200.0,200,154.73082,104.0
200.0,200,154.903385,36.0
200.0,200,155.076094,200.0
200.0,200,155.2492,58.0
200.0,200,155.42497,156.0
200.0,200,155.605654,86.0
200.0,200,155.78779,40.0
200.0,200,155.96801,104.0
200.0,200,156.140734,121.0
200.0,200,156.313736,146.0
200.0,200,156.914472,79.0
200.0,200,157.086836,29.0
200.0,200,157.25966,58.0
200.0,200,157.434265,97.0
200.0,200,157.607394,39.0
200.0,200,157.780047,97.0
200.0,200,157.952466,74.0
200.0,200,158.124867,107.0
200.0,200,158.297688,86.0
200.0,200,158.470229,46.0
200.0,200,159.080376,142.0
200.0,200,159.253351,28.0
200.0,200,159.427754,26.0
200.0,200,159.602447,58.0
200.0,200,159.775023,72.0
200.0,200,159.94765,39.0
200.0,200,160.12021,74.0
200.0,200,160.293813,62.0
200.0,200,160.467109,130.0
200.0,200,160.640543,45.0
200.0,200,161.262576,37.0
200.0,200,161.437073,200.0
200.0,200,161.610551,52.0
111.0,111,161.706643,67.0
200.0,200,161.879824,77.0
200.0,200,162.053154,31.0
200.0,200,162.23078,104.0
200.0,200,162.412642,66.0
114.0,114,162.513921,67.0
200.0,200,162.685949,141.0
200.0,200,162.858547,152.0
200.0,200,163.436787,126.0
183.0,183,163.596277,174.0
200.0,200,163.768805,29.0
200.0,200,163.942148,200.0
200.0,200,164.115001,37.0
200.0,200,164.287982,32.0
200.0,200,164.460695,51.0
109.0,109,164.555151,67.0
200.0,200,164.727104,113.0
200.0,200,164.8994,71.0
200.0,200,165.071724,89.0
200.0,200,165.647463,158.0
200.0,200,165.822422,82.0
200.0,200,165.994734,57.0
200.0,200,166.167515,35.0
200.0,200,166.340361,95.0
200.0,200,166.512931,37.0
200.0,200,166.68742,38.0
200.0,200,166.860786,104.0
200.0,200,167.034065,71.0
200.0,200,167.207456,50.0
200.0,200,167.82009,74.0
200.0,200,167.993009,87.0
186.0,186,168.154055,80.0
200.0,200,168.326917,67.0
171.0,171,168.474729,30.0
200.0,200,168.647244,83.0
200.0,200,168.82147,83.0
200.0,200,169.004059,107.0
200.0,200,169.187482,38.0
200.0,200,169.367279,98.0
200.0,200,169.540123,112.0
200.0,200,170.132438,200.0
200.0,200,170.306464,133.0
200.0,200,170.479149,38.0
200.0,200,170.651899,122.0
200.0,200,170.82446,84.0
200.0,200,171.004122,127.0
200.0,200,171.187844,47.0
200.0,200,171.37172,77.0
200.0,200,171.554865,131.0
200.0,200,171.740008,132.0
200.0,200,172.367285,85.0
200.0,200,172.540058,36.0
200.0,200,172.712642,84.0
154.0,154,172.845874,111.0
200.0,200,173.017802,56.0
200.0,200,173.190872,73.0
200.0,200,173.363425,125.0
200.0,200,173.536223,167.0
200.0,200,173.709689,77.0
200.0,200,173.883093,110.0
200.0,200,174.464736,92.0
200.0,200,174.638099,200.0
200.0,200,174.810882,44.0
200.0,200,174.983978,131.0
200.0,200,175.161635,163.0
200.0,200,175.342399,128.0
200.0,200,175.518572,65.0
200.0,200,175.694628,47.0
200.0,200,175.87087,66.0
200.0,200,176.047057,98.0
200.0,200,176.223138,78.0
200.0,200,176.860884,74.0
200.0,200,177.036787,39.0
200.0,200,177.213372,25.0
200.0,200,177.39649,29.0
200.0,200,177.579504,41.0
200.0,200,177.757703,34.0
200.0,200,177.931812,41.0
200.0,200,178.104932,191.0
200.0,200,178.280702,101.0
200.0,200,178.451276,27.0
200.0,200,179.042821,56.0
200.0,200,179.213516,190.0
200.0,200,179.384637,119.0
200.0,200,179.56126,79.0
200.0,200,179.735205,121.0
200.0,200,179.909002,85.0
200.0,200,180.082155,178.0
200.0,200,180.254282,135.0
200.0,200,180.427782,155.0
200.0,200,180.601241,200.0
200.0,200,181.217286,98.0
200.0,200,181.388913,67.0
200.0,200,181.559156,27.0
200.0,200,181.72977,37.0
144.0,144,181.856319,85.0
200.0,200,182.02908,36.0
200.0,200,182.2012,193.0
200.0,200,182.372631,30.0
200.0,200,182.544571,30.0
200.0,200,182.716243,78.0
200.0,200,182.888017,200.0
200.0,200,183.465371,200.0
200.0,200,183.63729,49.0
200.0,200,183.80861,36.0
200.0,200,183.985221,68.0
200.0,200,184.164549,41.0
200.0,200,184.338253,30.0
200.0,200,184.511923,134.0
200.0,200,184.685746,77.0
200.0,200,184.859417,200.0
200.0,200,185.032753,60.0
200.0,200,185.641574,102.0
200.0,200,185.818709,81.0
200.0,200,185.996325,122.0
200.0,200,186.174697,61.0
200.0,200,186.351329,64.0
200.0,200,186.523149,79.0
200.0,200,186.693324,200.0
191.0,191,186.855028,55.0
200.0,200,187.023971,66.0
200.0,200,187.193232,92.0
200.0,200,187.750425,65.0
200.0,200,187.919438,93.0
200.0,200,188.091501,33.0
200.0,200,188.263254,185.0
200.0,200,188.434329,200.0
200.0,200,188.605444,146.0
200.0,200,188.775659,190.0
200.0,200,188.945354,114.0
200.0,200,189.116926,144.0
200.0,200,189.288594,132.0
200.0,200,189.898733,52.0
200.0,200,190.070314,37.0
200.0,200,190.241515,153.0
200.0,200,190.414103,167.0
200.0,200,190.585922,37.0
100.0,100,190.672038,98.0
200.0,200,190.843428,41.0
200.0,200,191.015496,34.0
200.0,200,191.186895,200.0
200.0,200,191.358197,125.0
200.0,200,191.529184,200.0
200.0,200,192.104431,53.0
200.0,200,192.277139,110.0
200.0,200,192.449442,51.0
200.0,200,192.621228,62.0
200.0,200,192.791448,41.0
200.0,200,192.961261,44.0
200.0,200,193.131265,153.0
107.0,107,193.222318,86.0
200.0,200,193.392078,185.0
200.0,200,193.561899,81.0
200.0,200,193.731916,121.0
200.0,200,194.3041,107.0
200.0,200,194.475777,95.0
200.0,200,194.64453,54.0
200.0,200,194.813274,42.0
200.0,200,194.981994,166.0
200.0,200,195.151014,31.0
200.0,200,195.320741,155.0
200.0,200,195.49001,32.0
200.0,200,195.659151,200.0
175.0,175,195.807158,55.0
200.0,200,196.393806,36.0
200.0,200,196.566074,138.0
200.0,200,196.737825,104.0
200.0,200,196.90959,193.0
200.0,200,197.078763,57.0
200.0,200,197.248085,110.0
200.0,200,197.417009,103.0
200.0,200,197.585903,75.0
200.0,200,197.754957,37.0
200.0,200,197.924005,199.0
200.0,200,198.497121,53.0
200.0,200,198.666934,46.0
200.0,200,198.836873,158.0
200.0,200,199.006485,88.0
167.0,167,199.148374,33.0
200.0,200,199.317994,52.0
200.0,200,199.488072,31.0
200.0,200,199.657791,200.0
178.0,178,199.808749,94.0
200.0,200,199.978055,130.0
200.0,200,200.147633,64.0
200.0,200,200.750371,59.0
200.0,200,200.922502,73.0
200.0,200,201.094466,79.0
200.0,200,201.26641,52.0
200.0,200,201.438234,89.0
200.0,200,201.610101,200.0
200.0,200,201.781949,61.0
200.0,200,201.953834,111.0
200.0,200,202.12589,55.0
200.0,200,202.303252,41.0
200.0,200,202.916304,107.0
200.0,200,203.09663,99.0
200.0,200,203.276693,200.0
200.0,200,203.456599,44.0
200.0,200,203.636446,200.0
200.0,200,203.80611,44.0
200.0,200,203.975152,45.0
200.0,200,204.14424,107.0
200.0,200,204.3147,54.0
200.0,200,204.48652,46.0
200.0,200,205.09155,27.0
200.0,200,205.262338,39.0
200.0,200,205.445838,129.0
200.0,200,205.628387,59.0
200.0,200,205.810542,75.0
200.0,200,205.991405,200.0
200.0,200,206.172227,146.0
200.0,200,206.354372,91.0
200.0,200,206.527234,71.0
200.0,200,206.698859,45.0
200.0,200,206.868965,166.0
200.0,200,207.468093,54.0
200.0,200,207.637049,124.0
200.0,200,207.806003,108.0
200.0,200,207.974986,57.0
200.0,200,208.143882,38.0
200.0,200,208.312643,25.0
200.0,200,208.483828,43.0
200.0,200,208.655657,53.0
200.0,200,208.826591,131.0
200.0,200,208.99596,94.0
200.0,200,209.617148,78.0
200.0,200,209.785952,38.0
200.0,200,209.954844,38.0
200.0,200,210.12336,55.0
200.0,200,210.295345,78.0
200.0,200,210.472175,90.0
178.0,178,210.630382,41.0
200.0,200,210.806261,28.0
132.0,132,210.922617,66.0
200.0,200,211.098903,51.0
200.0,200,211.274757,29.0
200.0,200,211.838837,36.0
200.0,200,212.007967,71.0
200.0,200,212.176692,92.0
200.0,200,212.345531,37.0
200.0,200,212.516047,68.0
200.0,200,212.686208,37.0
200.0,200,212.856062,71.0
200.0,200,213.025875,63.0
200.0,200,213.208593,109.0
200.0,200,213.392331,110.0
200.0,200,214.013056,30.0
200.0,200,214.182381,179.0
200.0,200,214.351405,25.0
200.0,200,214.521954,94.0
200.0,200,214.692479,90.0
200.0,200,214.862524,114.0
200.0,200,215.032502,198.0
200.0,200,215.202535,48.0
200.0,200,215.380568,39.0
200.0,200,215.561791,30.0
200.0,200,216.16143,104.0
200.0,200,216.331075,96.0
200.0,200,216.499793,38.0
200.0,200,216.671152,91.0
200.0,200,216.841648,102.0
200.0,200,217.011172,78.0
200.0,200,217.18089,24.0
200.0,200,217.349774,32.0
200.0,200,217.518777,28.0
200.0,200,217.68717,180.0
200.0,200,218.309876,31.0
200.0,200,218.478841,29.0
139.0,139,218.596644,60.0
200.0,200,218.767524,54.0
200.0,200,218.938159,34.0
200.0,200,219.116856,51.0
200.0,200,219.28611,30.0
200.0,200,219.455068,142.0
200.0,200,219.62396,38.0
200.0,200,219.79273,129.0
200.0,200,219.96168,180.0
200.0,200,220.534153,115.0
200.0,200,220.710776,148.0
200.0,200,220.888213,139.0
200.0,200,221.063697,42.0
200.0,200,221.238977,36.0
200.0,200,221.414593,80.0
200.0,200,221.589686,40.0
200.0,200,221.764731,116.0
200.0,200,221.93971,34.0
200.0,200,222.114945,40.0
200.0,200,222.726337,119.0
200.0,200,222.900159,200.0
200.0,200,223.073265,36.0
200.0,200,223.245927,112.0
200.0,200,223.417732,120.0
200.0,200,223.589247,73.0
200.0,200,223.76059,133.0
200.0,200,223.931995,44.0
200.0,200,224.103327,61.0
200.0,200,224.275117,74.0
200.0,200,224.880348,200.0
200.0,200,225.052272,74.0
200.0,200,225.224437,180.0
200.0,200,225.398915,30.0
200.0,200,225.572492,28.0
200.0,200,225.744144,145.0
200.0,200,225.915238,52.0
200.0,200,226.086501,200.0
200.0,200,226.258054,200.0
200.0,200,226.429907,200.0
200.0,200,226.60106,33.0
200.0,200,227.212406,141.0
200.0,200,227.384508,67.0
200.0,200,227.555983,30.0
176.0,176,227.706556,65.0
200.0,200,227.877606,33.0
200.0,200,228.048567,34.0
200.0,200,228.22013,200.0
200.0,200,228.39134,26.0
200.0,200,228.563063,198.0
200.0,200,228.734303,114.0
200.0,200,229.31669,53.0
200.0,200,229.489249,118.0
200.0,200,229.660752,29.0
200.0,200,229.832074,141.0
200.0,200,230.003687,122.0
200.0,200,230.17553,52.0
200.0,200,230.348356,37.0
200.0,200,230.520074,28.0
200.0,200,230.691823,83.0
200.0,200,230.86379,85.0
200.0,200,231.482507,33.0
200.0,200,231.653485,154.0
200.0,200,231.825385,184.0
200.0,200,231.996873,67.0
200.0,200,232.16838,111.0
200.0,200,232.343579,92.0
200.0,200,232.517598,36.0
200.0,200,232.691518,112.0
200.0,200,232.863955,119.0
200.0,200,233.037541,31.0
200.0,200,233.624917,38.0
200.0,200,233.796687,125.0
200.0,200,233.967849,108.0
200.0,200,234.138991,130.0
200.0,200,234.310191,89.0
200.0,200,234.481312,200.0
200.0,200,234.652411,88.0
200.0,200,234.823573,200.0
200.0,200,234.995604,43.0
200.0,200,235.168749,159.0
200.0,200,235.342167,197.0
200.0,200,235.977188,150.0
200.0,200,236.148531,67.0
200.0,200,236.320423,104.0
200.0,200,236.492172,112.0
200.0,200,236.663757,142.0
200.0,200,236.835139,75.0
200.0,200,237.006822,111.0
200.0,200,237.180078,98.0
200.0,200,237.352362,32.0
200.0,200,237.525193,115.0
200.0,200,238.14655,169.0
200.0,200,238.317909,124.0
200.0,200,238.489181,116.0
200.0,200,238.660447,147.0
200.0,200,238.832137,114.0
200.0,200,239.003877,200.0
200.0,200,239.177635,80.0
200.0,200,239.352393,200.0
200.0,200,239.525586,191.0
200.0,200,239.696751,45.0
200.0,200,240.339981,32.0
200.0,200,240.512705,47.0
200.0,200,240.686233,131.0
200.0,200,240.858426,200.0
200.0,200,241.030141,177.0
200.0,200,241.203524,35.0
200.0,200,241.378203,28.0
200.0,200,241.550674,24.0
200.0,200,241.722017,200.0
200.0,200,241.893485,82.0
200.0,200,242.52757,155.0
200.0,200,242.698979,29.0
200.0,200,242.870382,200.0
200.0,200,243.042212,200.0
200.0,200,243.215058,150.0
200.0,200,243.387986,156.0
200.0,200,243.560315,91.0
200.0,200,243.731801,105.0
200.0,200,243.903096,158.0
200.0,200,244.074819,118.0
167.0,167,244.218377,103.0
200.0,200,244.793127,200.0
200.0,200,244.964484,178.0
200.0,200,245.135936,164.0
200.0,200,245.313336,200.0
200.0,200,245.488358,104.0
200.0,200,245.661198,29.0
200.0,200,245.832676,160.0
200.0,200,246.004265,200.0
200.0,200,246.175594,200.0
175.0,175,246.326594,151.0
200.0,200,246.921839,200.0
200.0,200,247.093985,200.0
200.0,200,247.267136,55.0
200.0,200,247.440524,200.0
200.0,200,247.612791,184.0
200.0,200,247.78414,200.0
200.0,200,247.95589,52.0
200.0,200,248.127483,200.0
200.0,200,248.299452,200.0
200.0,200,248.471308,200.0
200.0,200,249.085984,156.0
200.0,200,249.258744,200.0
184.0,184,249.419398,126.0
200.0,200,249.591928,126.0
200.0,200,249.764093,156.0
200.0,200,249.935675,200.0
200.0,200,250.107375,126.0
200.0,200,250.280446,175.0
200.0,200,250.45321,33.0
200.0,200,250.62554,97.0
200.0,200,250.797035,89.0
200.0,200,251.37456,46.0
200.0,200,251.556545,72.0
200.0,200,251.728547,41.0
200.0,200,251.900448,148.0
200.0,200,252.071765,200.0
200.0,200,252.243188,45.0
200.0,200,252.414634,198.0
200.0,200,252.586435,106.0
200.0,200,252.757699,155.0
200.0,200,252.928473,37.0
200.0,200,253.53,183.0
200.0,200,253.702049,54.0
200.0,200,253.872765,200.0
200.0,200,254.043221,40.0
200.0,200,254.213928,51.0
200.0,200,254.383956,200.0
200.0,200,254.554307,140.0
200.0,200,254.724677,146.0
200.0,200,254.894583,110.0
61.0,61,254.946885,61.0
200.0,200,255.116851,120.0
200.0,200,255.692933,200.0
200.0,200,255.865096,200.0
200.0,200,256.036397,116.0
200.0,200,256.207655,54.0
200.0,200,256.37887,168.0
200.0,200,256.550146,24.0
200.0,200,256.722146,38.0
200.0,200,256.893287,54.0
200.0,200,257.064168,43.0
200.0,200,257.235409,150.0
200.0,200,257.839366,162.0
200.0,200,258.011892,137.0
200.0,200,258.182978,162.0
200.0,200,258.353379,78.0
200.0,200,258.524649,126.0
200.0,200,258.695252,153.0
200.0,200,258.86631,49.0
200.0,200,259.037396,199.0
200.0,200,259.208188,36.0
200.0,200,259.378196,76.0
119.0,119,259.479748,79.0
200.0,200,260.066984,173.0
196.0,196,260.235221,176.0
200.0,200,260.408059,195.0
200.0,200,260.581059,200.0
200.0,200,260.753899,99.0
200.0,200,260.925848,200.0
200.0,200,261.097922,48.0
200.0,200,261.270262,167.0
200.0,200,261.443383,200.0
200.0,200,261.617155,185.0
200.0,200,262.217007,71.0
200.0,200,262.388169,68.0
200.0,200,262.558508,49.0
200.0,200,262.728512,114.0
200.0,200,262.898701,87.0
200.0,200,263.068455,44.0
200.0,200,263.240796,154.0
200.0,200,263.413884,54.0
200.0,200,263.586451,119.0
189.0,189,263.748954,179.0
200.0,200,264.348857,120.0
200.0,200,264.518958,94.0
200.0,200,264.68849,68.0
200.0,200,264.85833,162.0
200.0,200,265.028298,34.0
200.0,200,265.197976,69.0
200.0,200,265.373647,113.0
200.0,200,265.546063,200.0
200.0,200,265.71897,37.0
200.0,200,265.890576,30.0
200.0,200,266.061869,109.0
200.0,200,266.65195,127.0
200.0,200,266.821427,30.0
200.0,200,266.990994,141.0
200.0,200,267.1602,39.0
200.0,200,267.331999,37.0
200.0,200,267.507706,50.0
200.0,200,267.680399,200.0
200.0,200,267.853124,200.0
200.0,200,268.024856,52.0
200.0,200,268.194603,43.0
200.0,200,268.813365,60.0
200.0,200,268.982592,61.0
200.0,200,269.152168,61.0
200.0,200,269.321663,111.0
200.0,200,269.497885,134.0
200.0,200,269.675911,24.0
200.0,200,269.856488,55.0
200.0,200,270.036528,81.0
200.0,200,270.217746,95.0
200.0,200,270.399508,54.0
200.0,200,271.029932,67.0
200.0,200,271.200231,50.0
200.0,200,271.37023,57.0
200.0,200,271.540002,97.0
200.0,200,271.709629,52.0
200.0,200,271.882034,37.0
200.0,200,272.053906,30.0
200.0,200,272.225363,76.0
200.0,200,272.395337,62.0
200.0,200,272.565093,54.0
200.0,200,273.202281,27.0
200.0,200,273.371849,169.0
200.0,200,273.540768,77.0
200.0,200,273.709706,200.0
200.0,200,273.881078,144.0
200.0,200,274.051963,174.0
200.0,200,274.221894,147.0
200.0,200,274.391788,96.0
176.0,176,274.541641,57.0
200.0,200,274.711236,110.0
200.0,200,274.880668,62.0
200.0,200,275.463403,134.0
200.0,200,275.63393,155.0
200.0,200,275.803579,78.0
200.0,200,275.975399,131.0
200.0,200,276.145368,143.0
200.0,200,276.315673,195.0
200.0,200,276.485455,194.0
200.0,200,276.655458,44.0
200.0,200,276.825212,36.0
200.0,200,276.99506,42.0
200.0,200,277.604439,153.0
200.0,200,277.773679,115.0
200.0,200,277.944499,90.0
200.0,200,278.114861,74.0
200.0,200,278.285048,144.0
200.0,200,278.454922,74.0
200.0,200,278.625049,200.0
200.0,200,278.794956,39.0
200.0,200,278.964916,34.0
200.0,200,279.135034,196.0
117.0,117,279.234555,103.0
200.0,200,279.807999,46.0
200.0,200,279.97897,71.0
200.0,200,280.150429,158.0
200.0,200,280.320951,28.0
200.0,200,280.489799,120.0
200.0,200,280.658624,84.0
200.0,200,280.827695,136.0
200.0,200,280.997023,35.0
200.0,200,281.165984,65.0
200.0,200,281.334609,152.0
200.0,200,281.94925,49.0
200.0,200,282.121205,40.0
200.0,200,282.291551,128.0
200.0,200,282.461089,28.0
200.0,200,282.630457,189.0
200.0,200,282.799391,69.0
200.0,200,282.968828,113.0
200.0,200,283.138451,200.0
200.0,200,283.307968,128.0
200.0,200,283.477262,96.0
200.0,200,284.067197,71.0
200.0,200,284.239004,34.0
200.0,200,284.408525,36.0
200.0,200,284.577636,35.0
200.0,200,284.746498,119.0
200.0,200,284.91553,33.0
200.0,200,285.084481,137.0
200.0,200,285.253671,50.0
200.0,200,285.425362,129.0
200.0,200,285.595438,26.0
200.0,200,286.21365,150.0
200.0,200,286.38546,86.0
200.0,200,286.567691,144.0
200.0,200,286.749528,200.0
200.0,200,286.930063,93.0
200.0,200,287.109849,190.0
200.0,200,287.289111,34.0
200.0,200,287.467507,200.0
200.0,200,287.646081,50.0
200.0,200,287.825619,62.0
200.0,200,288.478543,43.0
200.0,200,288.655784,30.0
200.0,200,288.834265,76.0
200.0,200,289.013677,95.0
200.0,200,289.192521,107.0
200.0,200,289.36158,200.0
200.0,200,289.530335,47.0
200.0,200,289.698709,77.0
200.0,200,289.867494,126.0
200.0,200,290.036389,200.0
200.0,200,290.206847,128.0
200.0,200,290.821027,178.0
200.0,200,290.991101,88.0
200.0,200,291.160048,54.0
200.0,200,291.329612,94.0
200.0,200,291.498317,156.0
200.0,200,291.667303,39.0
200.0,200,291.83654,97.0
200.0,200,292.005735,100.0
200.0,200,292.174986,42.0
200.0,200,292.346913,124.0
200.0,200,292.98367,107.0
200.0,200,293.153398,78.0
200.0,200,293.32311,148.0
179.0,179,293.476712,28.0
200.0,200,293.646394,142.0
200.0,200,293.815958,144.0
200.0,200,293.985261,79.0
200.0,200,294.156359,84.0
200.0,200,294.327912,166.0
200.0,200,294.499207,131.0
200.0,200,295.076268,170.0
200.0,200,295.245497,103.0
200.0,200,295.414547,110.0
200.0,200,295.583597,200.0
200.0,200,295.752661,148.0
200.0,200,295.922015,124.0
200.0,200,296.091326,184.0
200.0,200,296.260608,109.0
200.0,200,296.431834,146.0
200.0,200,296.601271,62.0
200.0,200,296.770815,200.0
200.0,200,297.394073,63.0
200.0,200,297.565742,114.0
200.0,200,297.737372,200.0
200.0,200,297.909031,61.0
200.0,200,298.080413,192.0
200.0,200,298.252148,133.0
